{"stats":{"minecraft:killed":{"minecraft:sheep":1,"minecraft:zombie":4,"minecraft:pig":12,"minecraft:spider":1},"minecraft:custom":{"minecraft:time_since_rest":28346,"minecraft:interact_with_furnace":8,"minecraft:sprint_one_cm":64566,"minecraft:damage_taken":475,"minecraft:walk_one_cm":70372,"minecraft:mob_kills":18,"minecraft:drop":3,"minecraft:damage_dealt":2319,"minecraft:interact_with_crafting_table":9,"minecraft:fly_one_cm":154865,"minecraft:crouch_one_cm":10856,"minecraft:play_time":28346,"minecraft:sneak_time":4125,"minecraft:walk_under_water_one_cm":1008,"minecraft:damage_dealt_resisted":163,"minecraft:jump":699,"minecraft:walk_on_water_one_cm":1871,"minecraft:time_since_death":28346,"minecraft:climb_one_cm":496,"minecraft:total_world_time":28346,"minecraft:fall_one_cm":26419},"minecraft:picked_up":{"minecraft:birch_log":6,"projectvibrantjourneys:light_brown_bark_mushroom":1,"minecraft:stick":1,"minecraft:crafting_table":2,"minecraft:cooked_beef":1,"pointblank:gunmetal_nugget":6,"minecraft:birch_planks":1,"minecraft:porkchop":25,"minecraft:gunpowder":1,"minecraft:string":4,"minecraft:bone":1,"minecraft:rotten_flesh":7,"projectvibrantjourneys:orange_bark_mushroom":1,"minecraft:mutton":2,"minecraft:birch_sapling":1,"minecraft:oak_planks":10,"minecraft:coal":6,"minecraft:white_wool":2,"minecraft:cobblestone":47,"minecraft:furnace":1},"minecraft:crafted":{"minecraft:white_wool":1,"minecraft:cooked_porkchop":25,"minecraft:stick":4,"minecraft:wooden_pickaxe":1,"minecraft:wooden_axe":1,"minecraft:white_bed":1,"minecraft:furnace":1,"minecraft:birch_planks":24,"minecraft:air":0},"minecraft:used":{"minecraft:wooden_axe":24,"minecraft:birch_planks":19,"minecraft:bread":9,"minecraft:oak_planks":2,"minecraft:wooden_pickaxe":56,"minecraft:wooden_sword":59,"minecraft:cobblestone":39,"minecraft:crafting_table":1,"minecraft:cooked_porkchop":6,"minecraft:furnace":1,"minecraft:white_bed":1},"minecraft:broken":{"minecraft:wooden_sword":1},"minecraft:mined":{"minecraft:birch_planks":1,"minecraft:furnace":1,"minecraft:birch_log":7,"minecraft:crafting_table":2,"minecraft:grass":2,"minecraft:coal_ore":8,"ecologics:walnut_leaves":4,"projectvibrantjourneys:short_grass":1,"projectvibrantjourneys:natural_cobweb":3,"minecraft:tall_grass":2,"minecraft:cobblestone":9,"minecraft:stone":38},"minecraft:dropped":{"minecraft:cooked_beef":1,"minecraft:mutton":2,"projectvibrantjourneys:orange_bark_mushroom":1}},"DataVersion":3465}