{"stats":{"minecraft:killed":{"minecraft:pig":12,"hordes:zombie_player":2,"minecraft:spider":1,"minecraft:sheep":1,"minecraft:zombie":4},"minecraft:custom":{"minecraft:interact_with_furnace":17,"minecraft:mob_kills":20,"minecraft:interact_with_crafting_table":15,"minecraft:damage_dealt_resisted":163,"minecraft:time_since_death":4589,"minecraft:sleep_in_bed":1,"minecraft:climb_one_cm":496,"minecraft:time_since_rest":4613,"minecraft:sprint_one_cm":115391,"minecraft:damage_taken":815,"minecraft:walk_one_cm":126422,"minecraft:drop":4,"minecraft:damage_dealt":2636,"minecraft:fly_one_cm":323034,"minecraft:crouch_one_cm":21101,"minecraft:play_time":52346,"minecraft:deaths":2,"minecraft:sneak_time":6615,"minecraft:walk_under_water_one_cm":1008,"minecraft:jump":1430,"minecraft:walk_on_water_one_cm":3092,"minecraft:total_world_time":52346,"minecraft:fall_one_cm":47744},"minecraft:picked_up":{"minecraft:wooden_axe":1,"minecraft:birch_log":6,"minecraft:crafting_table":2,"minecraft:cooked_beef":2,"minecraft:andesite":53,"minecraft:birch_planks":2,"minecraft:tuff":16,"minecraft:oak_log":2,"minecraft:shield":1,"minecraft:gunpowder":2,"minecraft:dirt":2,"minecraft:string":4,"minecraft:leather_boots":1,"minecraft:bone":2,"minecraft:wheat_seeds":18,"minecraft:bucket":1,"minecraft:stone_pickaxe":1,"minecraft:birch_sapling":2,"minecraft:oak_planks":10,"minecraft:furnace":1,"projectvibrantjourneys:light_brown_bark_mushroom":2,"minecraft:stick":2,"minecraft:raw_iron":3,"minecraft:porkchop":25,"pointblank:gunmetal_nugget":16,"minecraft:white_bed":4,"alexsmobs:animal_dictionary":1,"minecraft:rotten_flesh":13,"create:scoria":14,"projectvibrantjourneys:orange_bark_mushroom":1,"projectvibrantjourneys:twigs":1,"minecraft:mutton":2,"minecraft:coal":50,"minecraft:white_wool":2,"minecraft:cobblestone":143},"minecraft:crafted":{"minecraft:wooden_sword":1,"minecraft:oak_planks":8,"minecraft:cooked_porkchop":25,"minecraft:crafting_table":1,"minecraft:wooden_pickaxe":1,"minecraft:furnace":1,"minecraft:bucket":1,"minecraft:birch_planks":24,"minecraft:air":0,"minecraft:white_wool":1,"minecraft:stick":12,"minecraft:iron_ingot":3,"minecraft:stone_pickaxe":2,"minecraft:wooden_axe":1,"minecraft:white_bed":1},"minecraft:killed_by":{"hordes:zombie_player":1},"minecraft:used":{"minecraft:birch_planks":19,"minecraft:stone_pickaxe":172,"minecraft:oak_planks":2,"minecraft:wooden_pickaxe":59,"minecraft:rotten_flesh":1,"minecraft:dirt":2,"minecraft:crafting_table":3,"minecraft:white_bed":3,"minecraft:tuff":2,"minecraft:wooden_axe":25,"minecraft:bread":9,"create:scoria":14,"minecraft:wooden_sword":67,"minecraft:cobblestone":39,"minecraft:furnace":2,"minecraft:cooked_porkchop":25,"minecraft:andesite":39,"minecraft:cooked_beef":1},"minecraft:broken":{"minecraft:stone_pickaxe":1,"minecraft:wooden_sword":1,"minecraft:wooden_pickaxe":1},"minecraft:mined":{"minecraft:tuff":9,"minecraft:white_bed":3,"minecraft:crafting_table":2,"ecologics:walnut_leaves":4,"create:scoria":14,"projectvibrantjourneys:natural_cobweb":3,"minecraft:cobblestone":9,"minecraft:tall_grass":26,"minecraft:birch_planks":1,"minecraft:furnace":2,"minecraft:birch_log":7,"minecraft:iron_ore":3,"minecraft:andesite":49,"minecraft:grass":57,"minecraft:oak_log":2,"minecraft:coal_ore":52,"projectvibrantjourneys:short_grass":8,"minecraft:dirt":1,"minecraft:stone":93},"minecraft:dropped":{"minecraft:cooked_beef":1,"minecraft:rotten_flesh":3,"projectvibrantjourneys:orange_bark_mushroom":1,"minecraft:mutton":2}},"DataVersion":3465}