{"stats":{"minecraft:custom":{"minecraft:jump":51,"minecraft:time_since_rest":4346,"minecraft:damage_dealt":10,"minecraft:sprint_one_cm":5422,"minecraft:play_time":4346,"minecraft:time_since_death":4346,"minecraft:walk_one_cm":15971,"minecraft:sneak_time":20,"minecraft:climb_one_cm":212,"minecraft:total_world_time":4346,"minecraft:interact_with_crafting_table":2,"minecraft:drop":1,"minecraft:fall_one_cm":2266,"minecraft:fly_one_cm":6356},"minecraft:picked_up":{"projectvibrantjourneys:orange_bark_mushroom":1,"minecraft:oak_planks":10,"minecraft:cobblestone":15},"minecraft:crafted":{"minecraft:stick":4,"minecraft:wooden_pickaxe":1,"minecraft:wooden_axe":1},"minecraft:used":{"minecraft:wooden_pickaxe":18},"minecraft:mined":{"minecraft:stone":18},"minecraft:dropped":{"projectvibrantjourneys:orange_bark_mushroom":1}},"DataVersion":3465}