{"stats":{"minecraft:killed":{"minecraft:pig":12,"minecraft:spider":1,"minecraft:sheep":1,"minecraft:zombie":4},"minecraft:custom":{"minecraft:interact_with_furnace":11,"minecraft:mob_kills":18,"minecraft:interact_with_crafting_table":13,"minecraft:damage_dealt_resisted":163,"minecraft:time_since_death":40346,"minecraft:climb_one_cm":496,"minecraft:time_since_rest":40346,"minecraft:sprint_one_cm":73109,"minecraft:damage_taken":535,"minecraft:walk_one_cm":94145,"minecraft:drop":3,"minecraft:damage_dealt":2319,"minecraft:fly_one_cm":176072,"minecraft:crouch_one_cm":21101,"minecraft:play_time":40346,"minecraft:sneak_time":6615,"minecraft:walk_under_water_one_cm":1008,"minecraft:jump":858,"minecraft:walk_on_water_one_cm":3092,"minecraft:total_world_time":40346,"minecraft:fall_one_cm":30405},"minecraft:picked_up":{"minecraft:birch_log":6,"minecraft:crafting_table":2,"minecraft:cooked_beef":1,"minecraft:andesite":46,"minecraft:birch_planks":1,"minecraft:tuff":9,"minecraft:gunpowder":1,"minecraft:string":4,"minecraft:bone":1,"minecraft:birch_sapling":1,"minecraft:oak_planks":10,"minecraft:furnace":1,"projectvibrantjourneys:light_brown_bark_mushroom":1,"minecraft:stick":1,"minecraft:raw_iron":3,"minecraft:porkchop":25,"pointblank:gunmetal_nugget":6,"minecraft:rotten_flesh":7,"create:scoria":14,"projectvibrantjourneys:orange_bark_mushroom":1,"minecraft:mutton":2,"minecraft:coal":50,"minecraft:white_wool":2,"minecraft:cobblestone":98},"minecraft:crafted":{"minecraft:cooked_porkchop":25,"minecraft:wooden_pickaxe":1,"minecraft:furnace":1,"minecraft:bucket":1,"minecraft:birch_planks":24,"minecraft:air":0,"minecraft:white_wool":1,"minecraft:stick":8,"minecraft:iron_ingot":3,"minecraft:stone_pickaxe":2,"minecraft:wooden_axe":1,"minecraft:white_bed":1},"minecraft:used":{"minecraft:birch_planks":19,"minecraft:stone_pickaxe":172,"minecraft:oak_planks":2,"minecraft:wooden_pickaxe":59,"minecraft:crafting_table":2,"minecraft:white_bed":1,"minecraft:tuff":2,"minecraft:wooden_axe":24,"minecraft:bread":9,"create:scoria":14,"minecraft:wooden_sword":59,"minecraft:cobblestone":39,"minecraft:furnace":2,"minecraft:cooked_porkchop":20,"minecraft:andesite":39},"minecraft:broken":{"minecraft:stone_pickaxe":1,"minecraft:wooden_sword":1,"minecraft:wooden_pickaxe":1},"minecraft:mined":{"minecraft:tuff":9,"minecraft:crafting_table":2,"ecologics:walnut_leaves":4,"create:scoria":14,"projectvibrantjourneys:natural_cobweb":3,"minecraft:cobblestone":9,"minecraft:tall_grass":2,"minecraft:birch_planks":1,"minecraft:furnace":2,"minecraft:birch_log":7,"minecraft:iron_ore":3,"minecraft:andesite":49,"minecraft:grass":2,"minecraft:coal_ore":52,"projectvibrantjourneys:short_grass":1,"minecraft:stone":93},"minecraft:dropped":{"minecraft:cooked_beef":1,"projectvibrantjourneys:orange_bark_mushroom":1,"minecraft:mutton":2}},"DataVersion":3465}