{"stats":{"minecraft:killed":{"hordes:zombie_player":3,"minecraft:spider":2,"minecraft:skeleton":1,"minecraft:horse":1,"minecraft:chicken":1,"minecraft:drowned":2,"minecraft:pig":16,"minecraft:zombie_villager":1,"hordes:drowned_player":1,"minecraft:sheep":6,"minecraft:zombie":9,"ecologics:squirrel":1,"minecraft:cow":12},"minecraft:custom":{"minecraft:mob_kills":57,"minecraft:interact_with_crafting_table":43,"minecraft:damage_dealt_resisted":236,"minecraft:time_since_death":68703,"minecraft:climb_one_cm":18455,"minecraft:sprint_one_cm":363690,"minecraft:walk_one_cm":498893,"minecraft:drop":77,"minecraft:play_time":190346,"minecraft:deaths":8,"minecraft:sneak_time":13678,"minecraft:walk_under_water_one_cm":21538,"minecraft:jump":4768,"minecraft:interact_with_blast_furnace":21,"minecraft:walk_on_water_one_cm":33498,"minecraft:total_world_time":190346,"minecraft:interact_with_furnace":45,"minecraft:sleep_in_bed":4,"minecraft:time_since_rest":68732,"minecraft:damage_taken":3842,"minecraft:damage_dealt":8271,"minecraft:swim_one_cm":51740,"minecraft:fly_one_cm":1064500,"minecraft:player_kills":1,"minecraft:open_chest":84,"minecraft:crouch_one_cm":45039,"minecraft:fall_one_cm":157339},"minecraft:picked_up":{"minecraft:wooden_axe":2,"minecraft:iron_chestplate":2,"minecraft:crafting_table":5,"minecraft:chicken":5,"minecraft:ladder":4,"minecraft:pink_wool":1,"minecraft:oak_stairs":25,"minecraft:shield":1,"minecraft:raw_copper":11,"minecraft:string":11,"create:limestone":96,"minecraft:wooden_sword":1,"minecraft:iron_leggings":1,"minecraft:cobbled_deepslate":3,"minecraft:smooth_stone":12,"minecraft:bucket":5,"minecraft:beef":80,"minecraft:calcite":1,"minecraft:wooden_shovel":2,"minecraft:iron_pickaxe":1,"minecraft:birch_sapling":6,"minecraft:iron_boots":2,"minecraft:furnace":6,"minecraft:stick":30,"minecraft:raw_iron":87,"minecraft:torch":49,"minecraft:porkchop":36,"pointblank:gunmetal_nugget":42,"psg:sulphur":36,"minecraft:carrot":11,"minecraft:stone_sword":2,"minecraft:arrow":4,"minecraft:rotten_flesh":24,"create:scoria":14,"k_turrets:raw_titanium":17,"minecraft:hay_block":12,"create:asurine":2,"minecraft:mutton":26,"minecraft:white_wool":16,"minecraft:cobblestone":716,"minecraft:birch_log":6,"minecraft:feather":15,"minecraft:cooked_beef":11,"minecraft:cherry_planks":35,"minecraft:andesite":168,"minecraft:leather":19,"minecraft:potato":2,"minecraft:birch_planks":3,"minecraft:tuff":16,"minecraft:oak_log":12,"minecraft:gunpowder":8,"minecraft:cobblestone_stairs":3,"minecraft:dirt":56,"psg:potassium":12,"minecraft:leather_boots":1,"minecraft:cooked_mutton":5,"minecraft:bone":8,"minecraft:wheat_seeds":43,"minecraft:iron_ingot":6,"minecraft:cooked_chicken":7,"minecraft:stone_pickaxe":6,"minecraft:iron_sword":1,"minecraft:oak_planks":33,"minecraft:stone_hoe":1,"projectvibrantjourneys:light_brown_bark_mushroom":2,"minecraft:cooked_porkchop":3,"psg:raw_potassium":13,"sophisticatedbackpacks:iron_backpack":1,"minecraft:white_bed":10,"minecraft:spider_eye":1,"alexsmobs:animal_dictionary":1,"minecraft:stone_axe":1,"minecraft:iron_helmet":1,"minecraft:emerald":1,"minecraft:black_wool":1,"projectvibrantjourneys:orange_bark_mushroom":1,"minecraft:oak_sapling":2,"projectvibrantjourneys:twigs":1,"minecraft:bricks":1,"minecraft:coal":252,"minecraft:ender_pearl":1},"minecraft:crafted":{"minecraft:wooden_sword":1,"minecraft:oak_planks":44,"minecraft:furnace":2,"minecraft:bone_meal":3,"minecraft:cooked_mutton":2,"minecraft:cherry_trapdoor":2,"minecraft:iron_boots":1,"minecraft:iron_axe":1,"minecraft:ladder":9,"minecraft:stone_pickaxe":4,"minecraft:chest":2,"minecraft:stone_hoe":1,"sophisticatedbackpacks:iron_backpack":2,"minecraft:wheat":108,"minecraft:cooked_beef":1,"minecraft:wooden_shovel":1,"sophisticatedbackpacks:backpack":1,"minecraft:cooked_porkchop":28,"minecraft:crafting_table":2,"minecraft:iron_helmet":1,"minecraft:wooden_pickaxe":1,"minecraft:iron_sword":1,"minecraft:bucket":1,"minecraft:birch_planks":24,"minecraft:stone_axe":1,"minecraft:bread":36,"minecraft:air":0,"minecraft:iron_chestplate":1,"minecraft:white_wool":1,"minecraft:white_dye":3,"minecraft:stick":60,"minecraft:iron_pickaxe":2,"minecraft:iron_ingot":56,"minecraft:wooden_axe":1,"minecraft:stone_sword":3,"minecraft:iron_leggings":1,"minecraft:white_bed":1,"minecraft:torch":52},"minecraft:killed_by":{"minecraft:creeper":1,"hordes:zombie_player":2,"minecraft:zombie":2},"minecraft:used":{"minecraft:stone_sword":26,"minecraft:ladder":13,"minecraft:chest":1,"minecraft:iron_sword":98,"minecraft:wooden_shovel":51,"minecraft:stone_hoe":15,"minecraft:cooked_chicken":2,"minecraft:rotten_flesh":4,"minecraft:iron_chestplate":1,"minecraft:torch":64,"minecraft:dirt":33,"minecraft:tuff":2,"minecraft:milk_bucket":1,"minecraft:wooden_axe":25,"minecraft:bricks":1,"minecraft:oak_stairs":24,"minecraft:cherry_trapdoor":1,"create:scoria":14,"minecraft:beef":4,"minecraft:furnace":6,"minecraft:cooked_beef":9,"minecraft:cobbled_deepslate":3,"minecraft:cooked_mutton":4,"minecraft:water_bucket":1,"minecraft:birch_planks":19,"minecraft:stone_pickaxe":439,"minecraft:oak_planks":34,"minecraft:wooden_pickaxe":59,"minecraft:crafting_table":6,"minecraft:white_bed":8,"minecraft:oak_log":1,"minecraft:bread":13,"minecraft:iron_pickaxe":354,"create:asurine":2,"minecraft:stone_axe":53,"minecraft:wooden_sword":105,"minecraft:cobblestone":157,"minecraft:cooked_porkchop":28,"minecraft:andesite":135,"minecraft:bucket":1,"minecraft:smooth_stone":12},"minecraft:broken":{"minecraft:wooden_pickaxe":1,"minecraft:stone_pickaxe":3,"minecraft:wooden_sword":1,"minecraft:iron_pickaxe":1},"minecraft:mined":{"minecraft:tuff":9,"minecraft:white_bed":9,"minecraft:cobblestone_stairs":3,"minecraft:ladder":4,"minecraft:grass_block":26,"minecraft:spruce_leaves":2,"minecraft:large_fern":1,"minecraft:hay_block":12,"minecraft:smooth_stone":12,"minecraft:furnace":5,"minecraft:iron_ore":73,"minecraft:andesite":87,"minecraft:oak_stairs":25,"minecraft:stone":429,"create:limestone":52,"projectvibrantjourneys:cattail":1,"minecraft:crafting_table":3,"minecraft:torch":1,"minecraft:calcite":2,"ecologics:walnut_leaves":8,"create:scoria":14,"projectvibrantjourneys:natural_cobweb":7,"minecraft:tall_grass":63,"minecraft:cobblestone":43,"minecraft:oak_planks":9,"minecraft:bricks":1,"minecraft:wall_torch":9,"minecraft:birch_planks":1,"minecraft:birch_log":7,"minecraft:birch_leaves":2,"k_turrets:titanium_ore":11,"minecraft:grass":76,"minecraft:coal_ore":97,"minecraft:oak_log":12,"projectvibrantjourneys:short_grass":14,"minecraft:dirt":29,"minecraft:deepslate":1,"minecraft:oak_leaves":3},"minecraft:dropped":{"sophisticatedbackpacks:iron_backpack":1,"minecraft:iron_ingot":6,"minecraft:iron_sword":1,"minecraft:birch_planks":2,"minecraft:porkchop":8,"minecraft:wheat_seeds":18,"minecraft:cooked_beef":3,"minecraft:crafting_table":1,"minecraft:iron_helmet":1,"minecraft:cobblestone":91,"minecraft:leather":5,"projectvibrantjourneys:orange_bark_mushroom":1,"minecraft:coal":43,"minecraft:emerald":1,"minecraft:stick":9,"minecraft:dirt":1,"minecraft:torch":19,"minecraft:mutton":2,"minecraft:wooden_axe":2,"minecraft:iron_leggings":1,"minecraft:wooden_sword":2,"minecraft:iron_pickaxe":1,"minecraft:string":1,"minecraft:white_wool":3,"minecraft:bucket":2,"minecraft:bone":5,"minecraft:cooked_chicken":3,"minecraft:stone_sword":3,"alexsmobs:animal_dictionary":1,"minecraft:raw_copper":11,"minecraft:tuff":7,"minecraft:birch_sapling":2,"minecraft:rotten_flesh":3,"minecraft:iron_boots":1,"psg:raw_potassium":11,"minecraft:cooked_mutton":1,"minecraft:white_bed":1,"minecraft:carrot":11,"psg:sulphur":36,"pointblank:gunmetal_nugget":21,"projectvibrantjourneys:light_brown_bark_mushroom":1,"minecraft:potato":2,"minecraft:shield":1,"minecraft:gunpowder":4,"minecraft:iron_chestplate":1,"minecraft:andesite":7,"create:limestone":43,"minecraft:leather_boots":1,"minecraft:spider_eye":1,"minecraft:beef":21,"minecraft:stone_pickaxe":2,"minecraft:black_wool":1}},"DataVersion":3465}