{"stats":{"minecraft:killed":{"minecraft:pig":12},"minecraft:custom":{"minecraft:time_since_rest":16346,"minecraft:interact_with_furnace":1,"minecraft:sprint_one_cm":54501,"minecraft:damage_taken":150,"minecraft:walk_one_cm":45572,"minecraft:mob_kills":12,"minecraft:drop":1,"minecraft:damage_dealt":1210,"minecraft:interact_with_crafting_table":6,"minecraft:fly_one_cm":126389,"minecraft:crouch_one_cm":580,"minecraft:play_time":16346,"minecraft:sneak_time":383,"minecraft:walk_under_water_one_cm":1008,"minecraft:jump":525,"minecraft:walk_on_water_one_cm":1871,"minecraft:time_since_death":16346,"minecraft:climb_one_cm":496,"minecraft:total_world_time":16346,"minecraft:fall_one_cm":20993},"minecraft:picked_up":{"minecraft:birch_log":6,"projectvibrantjourneys:light_brown_bark_mushroom":1,"minecraft:stick":1,"minecraft:crafting_table":1,"minecraft:porkchop":25,"minecraft:string":3,"projectvibrantjourneys:orange_bark_mushroom":1,"minecraft:birch_sapling":1,"minecraft:oak_planks":10,"minecraft:coal":6,"minecraft:cobblestone":47},"minecraft:crafted":{"minecraft:stick":4,"minecraft:wooden_pickaxe":1,"minecraft:wooden_axe":1,"minecraft:furnace":1,"minecraft:birch_planks":24},"minecraft:used":{"minecraft:wooden_axe":10,"minecraft:bread":5,"minecraft:oak_planks":2,"minecraft:wooden_pickaxe":55,"minecraft:wooden_sword":40,"minecraft:cobblestone":39,"minecraft:crafting_table":1,"minecraft:furnace":1},"minecraft:mined":{"minecraft:birch_log":7,"minecraft:crafting_table":1,"minecraft:grass":2,"minecraft:coal_ore":8,"projectvibrantjourneys:short_grass":1,"projectvibrantjourneys:natural_cobweb":3,"minecraft:tall_grass":2,"minecraft:cobblestone":9,"minecraft:stone":38},"minecraft:dropped":{"projectvibrantjourneys:orange_bark_mushroom":1}},"DataVersion":3465}