{"stats":{"minecraft:custom":{"minecraft:interact_with_crafting_table":53,"minecraft:open_barrel":5,"minecraft:leave_game":3,"minecraft:time_since_death":46227,"minecraft:sprint_one_cm":673507,"minecraft:drop":131,"minecraft:talked_to_villager":4,"minecraft:play_time":316800,"minecraft:deaths":13,"minecraft:jump":6772,"minecraft:walk_on_water_one_cm":43978,"minecraft:interact_with_furnace":90,"minecraft:sleep_in_bed":4,"minecraft:damage_dealt":13490,"minecraft:player_kills":1,"minecraft:crouch_one_cm":52350,"minecraft:interact_with_smoker":15,"minecraft:mob_kills":83,"minecraft:damage_dealt_resisted":534,"minecraft:climb_one_cm":27871,"minecraft:walk_one_cm":889177,"minecraft:sneak_time":15666,"minecraft:walk_under_water_one_cm":27784,"minecraft:interact_with_blast_furnace":57,"minecraft:total_world_time":316800,"minecraft:time_since_rest":46249,"minecraft:damage_taken":5694,"minecraft:swim_one_cm":83216,"minecraft:fly_one_cm":1435256,"minecraft:open_chest":216,"minecraft:fall_one_cm":204310},"minecraft:used":{"minecraft:ladder":13,"minecraft:chest":3,"minecraft:stone":10,"minecraft:iron_sword":233,"minecraft:rotten_flesh":4,"minecraft:iron_chestplate":1,"minecraft:carrot":9,"minecraft:tuff":2,"minecraft:milk_bucket":1,"minecraft:polished_deepslate_stairs":1,"minecraft:bricks":1,"create:scoria":14,"minecraft:dark_oak_slab":1,"minecraft:hay_block":2,"minecraft:furnace":10,"minecraft:stone_pickaxe":439,"minecraft:oak_planks":64,"minecraft:wooden_pickaxe":59,"minecraft:blast_furnace":3,"minecraft:bread":14,"minecraft:gravel":2,"create:asurine":2,"minecraft:wooden_sword":105,"minecraft:andesite":136,"create:limestone":4,"minecraft:stone_sword":33,"minecraft:stone_shovel":121,"tacz:gun_smith_table":3,"minecraft:wooden_shovel":51,"minecraft:stone_hoe":15,"minecraft:cooked_chicken":3,"minecraft:torch":94,"minecraft:dirt":46,"minecraft:cobblestone_wall":2,"minecraft:wooden_axe":25,"minecraft:dark_oak_planks":3,"minecraft:iron_axe":31,"minecraft:oak_stairs":24,"minecraft:cherry_trapdoor":1,"minecraft:iron_boots":1,"minecraft:beef":4,"minecraft:cooked_beef":23,"minecraft:cobbled_deepslate":3,"minecraft:cooked_mutton":4,"minecraft:water_bucket":1,"minecraft:cobblestone_stairs":2,"minecraft:birch_planks":19,"minecraft:cherry_planks":6,"minecraft:stripped_dark_oak_log":2,"minecraft:crafting_table":11,"minecraft:white_bed":8,"minecraft:smoker":3,"minecraft:oak_log":1,"minecraft:iron_pickaxe":1117,"minecraft:stone_axe":53,"minecraft:cobblestone":241,"minecraft:cooked_porkchop":28,"minecraft:bucket":1,"minecraft:smooth_stone":12},"minecraft:crafted":{"minecraft:oak_planks":76,"minecraft:cooked_chicken":5,"minecraft:cooked_mutton":28,"minecraft:iron_boots":1,"minecraft:chest":2,"minecraft:stone_hoe":1,"minecraft:cooked_rabbit":8,"minecraft:wooden_shovel":1,"sophisticatedbackpacks:backpack":1,"minecraft:cooked_porkchop":37,"minecraft:crafting_table":3,"minecraft:spruce_planks":4,"minecraft:wooden_pickaxe":1,"minecraft:iron_helmet":1,"minecraft:copper_ingot":22,"minecraft:birch_planks":24,"minecraft:iron_chestplate":1,"minecraft:stick":72,"minecraft:iron_ingot":85,"minecraft:iron_pickaxe":2,"minecraft:iron_block":1,"minecraft:stone_sword":3,"minecraft:wooden_sword":1,"minecraft:stone_shovel":1,"minecraft:furnace":4,"minecraft:bone_meal":3,"minecraft:cherry_trapdoor":2,"minecraft:iron_axe":1,"minecraft:ladder":9,"minecraft:stone_pickaxe":4,"minecraft:dark_oak_planks":8,"minecraft:wheat":108,"sophisticatedbackpacks:iron_backpack":2,"minecraft:cooked_beef":36,"pointblank:gunmetal_ingot":4,"minecraft:iron_sword":1,"tacz:gun_smith_table":1,"sophisticatedbackpacks:gold_backpack":1,"minecraft:bucket":1,"minecraft:stone_axe":1,"minecraft:bread":36,"minecraft:air":0,"minecraft:white_wool":1,"minecraft:white_dye":3,"minecraft:wooden_axe":1,"minecraft:iron_leggings":1,"minecraft:white_bed":1,"minecraft:torch":92},"minecraft:broken":{"minecraft:stone_pickaxe":3,"minecraft:wooden_sword":1,"minecraft:wooden_pickaxe":1,"minecraft:iron_pickaxe":4},"minecraft:dropped":{"sophisticatedbackpacks:iron_backpack":1,"minecraft:iron_sword":2,"minecraft:brown_mushroom":1,"minecraft:moss_block":2,"minecraft:birch_planks":2,"minecraft:porkchop":8,"minecraft:cooked_beef":3,"minecraft:oak_log":3,"minecraft:crafting_table":1,"minecraft:leather":5,"projectvibrantjourneys:orange_bark_mushroom":1,"minecraft:emerald":1,"minecraft:cobblestone_stairs":1,"minecraft:dirt":1,"minecraft:mutton":2,"minecraft:wooden_sword":2,"minecraft:sunflower":1,"minecraft:iron_pickaxe":1,"minecraft:white_wool":3,"projectvibrantjourneys:bark_mushroom":4,"minecraft:bone":11,"minecraft:dark_oak_door":1,"minecraft:cooked_chicken":3,"alexsmobs:animal_dictionary":1,"minecraft:birch_sapling":2,"minecraft:rotten_flesh":99,"psg:raw_potassium":11,"minecraft:cooked_mutton":1,"minecraft:white_bed":1,"minecraft:carrot":11,"psg:sulphur":36,"projectvibrantjourneys:light_brown_bark_mushroom":1,"minecraft:gunpowder":5,"minecraft:spruce_pressure_plate":2,"minecraft:leather_boots":1,"minecraft:chest":2,"create:limestone":43,"minecraft:iron_bars":2,"minecraft:beef":21,"minecraft:iron_ingot":22,"minecraft:wheat_seeds":19,"minecraft:mossy_cobblestone":3,"minecraft:iron_helmet":1,"minecraft:cobblestone":91,"minecraft:copper_ingot":1,"minecraft:spruce_stairs":9,"minecraft:coal":49,"minecraft:stick":11,"minecraft:torch":19,"minecraft:wooden_axe":2,"minecraft:iron_leggings":1,"minecraft:string":4,"minecraft:pink_petals":17,"minecraft:lily_pad":1,"minecraft:bucket":2,"minecraft:dandelion":1,"alexsmobs:maggot":1,"minecraft:coarse_dirt":1,"minecraft:stone_sword":3,"minecraft:raw_copper":11,"minecraft:tuff":7,"minecraft:iron_boots":1,"pointblank:gunmetal_nugget":152,"minecraft:potato":2,"minecraft:shield":1,"minecraft:peony":2,"minecraft:iron_chestplate":1,"minecraft:andesite":7,"minecraft:spider_eye":3,"minecraft:stone_pickaxe":2,"minecraft:black_wool":1},"minecraft:mined":{"minecraft:white_bed":9,"minecraft:cherry_log":1,"minecraft:cobblestone_stairs":6,"minecraft:grass_block":26,"tacz:gun_smith_table":2,"minecraft:smooth_stone":12,"minecraft:iron_ore":111,"projectvibrantjourneys:bark_mushroom":1,"minecraft:oak_stairs":26,"minecraft:iron_bars":1,"create:veridium":2,"create:limestone":56,"projectvibrantjourneys:cattail":1,"minecraft:brown_mushroom":1,"minecraft:polished_deepslate_stairs":1,"minecraft:smoker":4,"minecraft:torch":2,"minecraft:blast_furnace":4,"minecraft:calcite":2,"minecraft:chest":2,"create:scoria":14,"projectvibrantjourneys:natural_cobweb":9,"minecraft:cobblestone":57,"minecraft:oak_planks":22,"minecraft:bricks":1,"minecraft:wall_torch":12,"minecraft:pink_petals":7,"minecraft:dark_oak_slab":1,"minecraft:birch_log":7,"minecraft:grass":84,"minecraft:oak_log":23,"projectvibrantjourneys:short_grass":18,"minecraft:dirt":45,"minecraft:oak_leaves":7,"minecraft:deepslate":1,"create:zinc_ore":10,"minecraft:tuff":25,"minecraft:mossy_cobblestone":3,"psg:sulphur_ore":67,"minecraft:ladder":4,"minecraft:spruce_leaves":3,"minecraft:moss_block":2,"minecraft:large_fern":1,"minecraft:hay_block":36,"minecraft:oak_trapdoor":2,"minecraft:furnace":9,"minecraft:carrots":3,"minecraft:andesite":106,"minecraft:stripped_spruce_log":3,"minecraft:peony":1,"minecraft:deepslate_iron_ore":2,"minecraft:vine":1,"minecraft:stone":695,"minecraft:hanging_roots":1,"psg:potassium_ore":14,"minecraft:stripped_dark_oak_log":4,"minecraft:crafting_table":7,"minecraft:emerald_ore":1,"ecologics:walnut_leaves":8,"minecraft:tall_grass":66,"minecraft:copper_ore":86,"minecraft:lily_pad":1,"minecraft:green_stained_glass_pane":17,"minecraft:diorite":60,"minecraft:spruce_stairs":3,"minecraft:birch_planks":1,"minecraft:coarse_dirt":1,"minecraft:cobblestone_wall":2,"minecraft:birch_leaves":3,"k_turrets:titanium_ore":19,"minecraft:coal_ore":219,"minecraft:sunflower":3,"minecraft:gravel":106,"minecraft:cobweb":2},"minecraft:picked_up":{"minecraft:wooden_axe":2,"minecraft:iron_chestplate":4,"minecraft:oak_stairs":26,"minecraft:string":18,"create:limestone":100,"minecraft:raw_copper":320,"minecraft:iron_leggings":3,"minecraft:cobbled_deepslate":3,"minecraft:smooth_stone":12,"minecraft:bucket":5,"minecraft:calcite":1,"minecraft:wooden_shovel":2,"minecraft:iron_pickaxe":3,"minecraft:dark_oak_door":1,"minecraft:furnace":10,"minecraft:iron_boots":4,"minecraft:spruce_pressure_plate":2,"minecraft:stick":32,"minecraft:polished_deepslate_stairs":1,"minecraft:torch":56,"minecraft:spruce_stairs":9,"minecraft:porkchop":42,"psg:sulphur":329,"minecraft:diorite":60,"minecraft:stone_sword":3,"minecraft:rotten_flesh":120,"create:scoria":14,"create:asurine":2,"create:veridium":2,"minecraft:iron_bars":2,"minecraft:cobblestone":994,"minecraft:birch_log":6,"minecraft:pink_petals":17,"minecraft:feather":15,"minecraft:cooked_beef":31,"minecraft:cherry_planks":35,"minecraft:andesite":187,"minecraft:smoker":4,"minecraft:potato":2,"minecraft:flint":6,"minecraft:tuff":32,"create:raw_zinc":10,"psg:potassium":12,"minecraft:dirt":72,"minecraft:leather_boots":1,"minecraft:bone":14,"minecraft:wheat_seeds":44,"minecraft:moss_block":2,"tacz:gun_smith_table":2,"minecraft:stone_hoe":1,"minecraft:oak_planks":47,"minecraft:cooked_porkchop":3,"psg:raw_potassium":41,"minecraft:stripped_spruce_log":3,"sophisticatedbackpacks:iron_backpack":3,"alexsmobs:animal_dictionary":1,"minecraft:mossy_cobblestone":3,"minecraft:emerald":2,"minecraft:bread":62,"alexsmobs:maggot":1,"minecraft:oak_sapling":2,"minecraft:bricks":1,"minecraft:coarse_dirt":1,"minecraft:crafting_table":9,"minecraft:chicken":5,"minecraft:ladder":4,"minecraft:brown_mushroom":1,"minecraft:pink_wool":1,"minecraft:shield":1,"minecraft:oak_trapdoor":2,"minecraft:iron_axe":2,"minecraft:wooden_sword":1,"minecraft:beef":89,"minecraft:chest":4,"minecraft:birch_sapling":6,"minecraft:raw_iron":127,"minecraft:copper_ingot":2,"projectvibrantjourneys:bark_mushroom":4,"pointblank:gunmetal_nugget":215,"minecraft:carrot":20,"minecraft:arrow":4,"minecraft:peony":2,"k_turrets:raw_titanium":25,"minecraft:hay_block":36,"minecraft:mutton":26,"minecraft:white_wool":16,"minecraft:leather":25,"minecraft:birch_planks":3,"minecraft:oak_log":26,"minecraft:lily_pad":1,"minecraft:gunpowder":10,"minecraft:cobblestone_wall":2,"minecraft:cobblestone_stairs":6,"minecraft:cooked_mutton":5,"minecraft:iron_ingot":34,"minecraft:stone_pickaxe":6,"minecraft:cooked_chicken":7,"minecraft:iron_sword":4,"projectvibrantjourneys:light_brown_bark_mushroom":2,"minecraft:dark_oak_slab":1,"minecraft:dandelion":1,"minecraft:gravel":98,"minecraft:blast_furnace":4,"minecraft:white_bed":10,"minecraft:spider_eye":3,"minecraft:stone_axe":1,"tacz:modern_kinetic_gun":1,"minecraft:iron_helmet":3,"projectvibrantjourneys:orange_bark_mushroom":1,"projectvibrantjourneys:twigs":1,"minecraft:black_wool":1,"minecraft:stripped_dark_oak_log":4,"minecraft:coal":451,"minecraft:sunflower":1,"minecraft:ender_pearl":3},"minecraft:killed_by":{"minecraft:creeper":1,"minecraft:zombie":2,"alexsmobs:grizzly_bear":3,"minecraft:player":1,"hordes:zombie_player":2},"minecraft:killed":{"minecraft:spider":2,"minecraft:skeleton":1,"minecraft:chicken":1,"minecraft:pig":19,"minecraft:zombie_villager":2,"hordes:drowned_player":1,"minecraft:sheep":6,"minecraft:zombie":19,"alexsmobs:fly":1,"minecraft:cow":16,"hordes:zombie_player":5,"minecraft:phantom":2,"minecraft:horse":1,"minecraft:drowned":5,"ecologics:squirrel":1}},"DataVersion":3465}