{"stats":{"minecraft:killed":{"hordes:zombie_player":3,"minecraft:spider":2,"minecraft:skeleton":1,"minecraft:horse":1,"minecraft:chicken":1,"minecraft:pig":16,"minecraft:zombie_villager":1,"minecraft:sheep":5,"minecraft:zombie":7,"ecologics:squirrel":1,"minecraft:cow":11},"minecraft:custom":{"minecraft:mob_kills":50,"minecraft:interact_with_crafting_table":43,"minecraft:damage_dealt_resisted":236,"minecraft:time_since_death":56703,"minecraft:climb_one_cm":18455,"minecraft:sprint_one_cm":326303,"minecraft:walk_one_cm":477402,"minecraft:drop":52,"minecraft:play_time":178346,"minecraft:deaths":8,"minecraft:sneak_time":13611,"minecraft:walk_under_water_one_cm":17391,"minecraft:jump":4386,"minecraft:interact_with_blast_furnace":21,"minecraft:walk_on_water_one_cm":30779,"minecraft:total_world_time":178346,"minecraft:interact_with_furnace":45,"minecraft:sleep_in_bed":4,"minecraft:time_since_rest":56732,"minecraft:damage_taken":3642,"minecraft:damage_dealt":6735,"minecraft:swim_one_cm":43306,"minecraft:fly_one_cm":971300,"minecraft:player_kills":1,"minecraft:open_chest":83,"minecraft:crouch_one_cm":44879,"minecraft:fall_one_cm":145051},"minecraft:picked_up":{"minecraft:wooden_axe":2,"minecraft:iron_chestplate":1,"minecraft:crafting_table":4,"minecraft:chicken":1,"minecraft:ladder":4,"minecraft:oak_stairs":25,"minecraft:shield":1,"minecraft:string":11,"minecraft:wooden_sword":1,"minecraft:cobbled_deepslate":3,"minecraft:smooth_stone":12,"minecraft:bucket":5,"minecraft:beef":73,"minecraft:wooden_shovel":2,"minecraft:birch_sapling":6,"minecraft:iron_boots":1,"minecraft:furnace":4,"minecraft:stick":29,"minecraft:raw_iron":80,"minecraft:torch":30,"minecraft:porkchop":36,"pointblank:gunmetal_nugget":33,"minecraft:stone_sword":1,"minecraft:arrow":3,"minecraft:rotten_flesh":20,"create:scoria":14,"k_turrets:raw_titanium":11,"minecraft:hay_block":12,"create:asurine":2,"minecraft:mutton":13,"minecraft:white_wool":7,"minecraft:cobblestone":647,"minecraft:birch_log":6,"minecraft:feather":1,"minecraft:cooked_beef":11,"minecraft:cherry_planks":35,"minecraft:andesite":165,"minecraft:leather":14,"minecraft:birch_planks":3,"minecraft:tuff":16,"minecraft:oak_log":12,"minecraft:gunpowder":6,"minecraft:cobblestone_stairs":3,"minecraft:dirt":56,"psg:potassium":12,"minecraft:leather_boots":1,"minecraft:cooked_mutton":4,"minecraft:bone":6,"minecraft:wheat_seeds":42,"minecraft:cooked_chicken":4,"minecraft:stone_pickaxe":6,"minecraft:oak_planks":33,"minecraft:stone_hoe":1,"projectvibrantjourneys:light_brown_bark_mushroom":2,"minecraft:cooked_porkchop":3,"psg:raw_potassium":2,"sophisticatedbackpacks:iron_backpack":1,"minecraft:white_bed":10,"minecraft:spider_eye":1,"alexsmobs:animal_dictionary":1,"minecraft:stone_axe":1,"minecraft:black_wool":1,"projectvibrantjourneys:orange_bark_mushroom":1,"minecraft:oak_sapling":2,"projectvibrantjourneys:twigs":1,"minecraft:bricks":1,"minecraft:coal":145},"minecraft:crafted":{"minecraft:wooden_sword":1,"minecraft:oak_planks":44,"minecraft:furnace":2,"minecraft:bone_meal":3,"minecraft:cooked_mutton":2,"minecraft:cherry_trapdoor":2,"minecraft:iron_boots":1,"minecraft:iron_axe":1,"minecraft:ladder":9,"minecraft:stone_pickaxe":4,"minecraft:chest":2,"minecraft:stone_hoe":1,"sophisticatedbackpacks:iron_backpack":2,"minecraft:wheat":108,"minecraft:cooked_beef":1,"minecraft:wooden_shovel":1,"sophisticatedbackpacks:backpack":1,"minecraft:cooked_porkchop":28,"minecraft:crafting_table":2,"minecraft:iron_helmet":1,"minecraft:wooden_pickaxe":1,"minecraft:iron_sword":1,"minecraft:bucket":1,"minecraft:birch_planks":24,"minecraft:stone_axe":1,"minecraft:bread":36,"minecraft:air":0,"minecraft:iron_chestplate":1,"minecraft:white_wool":1,"minecraft:white_dye":3,"minecraft:stick":60,"minecraft:iron_pickaxe":2,"minecraft:iron_ingot":56,"minecraft:wooden_axe":1,"minecraft:stone_sword":3,"minecraft:iron_leggings":1,"minecraft:white_bed":1,"minecraft:torch":52},"minecraft:killed_by":{"minecraft:creeper":1,"hordes:zombie_player":2,"minecraft:zombie":2},"minecraft:used":{"minecraft:stone_sword":26,"minecraft:ladder":13,"minecraft:chest":1,"minecraft:iron_sword":63,"minecraft:wooden_shovel":51,"minecraft:stone_hoe":15,"minecraft:cooked_chicken":2,"minecraft:rotten_flesh":4,"minecraft:iron_chestplate":1,"minecraft:torch":64,"minecraft:dirt":33,"minecraft:tuff":2,"minecraft:milk_bucket":1,"minecraft:wooden_axe":25,"minecraft:bricks":1,"minecraft:oak_stairs":24,"minecraft:cherry_trapdoor":1,"create:scoria":14,"minecraft:beef":4,"minecraft:furnace":6,"minecraft:cooked_beef":9,"minecraft:cobbled_deepslate":3,"minecraft:cooked_mutton":4,"minecraft:water_bucket":1,"minecraft:birch_planks":19,"minecraft:stone_pickaxe":439,"minecraft:oak_planks":34,"minecraft:wooden_pickaxe":59,"minecraft:crafting_table":6,"minecraft:white_bed":8,"minecraft:oak_log":1,"minecraft:bread":9,"minecraft:iron_pickaxe":294,"create:asurine":2,"minecraft:stone_axe":53,"minecraft:wooden_sword":105,"minecraft:cobblestone":157,"minecraft:cooked_porkchop":28,"minecraft:andesite":135,"minecraft:bucket":1,"minecraft:smooth_stone":12},"minecraft:broken":{"minecraft:wooden_pickaxe":1,"minecraft:stone_pickaxe":3,"minecraft:wooden_sword":1,"minecraft:iron_pickaxe":1},"minecraft:mined":{"minecraft:tuff":9,"minecraft:white_bed":9,"minecraft:cobblestone_stairs":3,"minecraft:ladder":4,"minecraft:grass_block":26,"minecraft:spruce_leaves":1,"minecraft:large_fern":1,"minecraft:hay_block":12,"minecraft:smooth_stone":12,"minecraft:furnace":5,"minecraft:iron_ore":71,"minecraft:andesite":84,"minecraft:oak_stairs":25,"minecraft:stone":429,"minecraft:crafting_table":3,"minecraft:torch":1,"ecologics:walnut_leaves":8,"create:scoria":14,"projectvibrantjourneys:natural_cobweb":7,"minecraft:tall_grass":63,"minecraft:cobblestone":43,"minecraft:oak_planks":9,"minecraft:bricks":1,"minecraft:wall_torch":9,"minecraft:birch_planks":1,"minecraft:birch_log":7,"minecraft:birch_leaves":2,"k_turrets:titanium_ore":11,"minecraft:grass":75,"minecraft:coal_ore":97,"minecraft:oak_log":12,"projectvibrantjourneys:short_grass":11,"minecraft:dirt":29,"minecraft:deepslate":1,"minecraft:oak_leaves":3},"minecraft:dropped":{"sophisticatedbackpacks:iron_backpack":1,"minecraft:birch_planks":2,"minecraft:porkchop":8,"minecraft:wheat_seeds":17,"minecraft:cooked_beef":3,"minecraft:cobblestone":91,"minecraft:leather":5,"projectvibrantjourneys:orange_bark_mushroom":1,"minecraft:stick":8,"minecraft:dirt":1,"minecraft:mutton":2,"minecraft:wooden_axe":2,"minecraft:wooden_sword":2,"minecraft:string":1,"minecraft:white_wool":3,"minecraft:bucket":2,"minecraft:bone":3,"minecraft:stone_sword":2,"alexsmobs:animal_dictionary":1,"minecraft:tuff":7,"minecraft:birch_sapling":2,"minecraft:rotten_flesh":3,"minecraft:white_bed":1,"pointblank:gunmetal_nugget":20,"projectvibrantjourneys:light_brown_bark_mushroom":1,"minecraft:shield":1,"minecraft:gunpowder":2,"minecraft:andesite":7,"minecraft:leather_boots":1,"minecraft:spider_eye":1,"minecraft:beef":21,"minecraft:stone_pickaxe":2,"minecraft:black_wool":1}},"DataVersion":3465}