{"stats":{"minecraft:killed":{"hordes:zombie_player":3,"minecraft:spider":2,"minecraft:horse":1,"minecraft:skeleton":1,"minecraft:chicken":1,"minecraft:drowned":2,"minecraft:pig":19,"minecraft:zombie_villager":1,"hordes:drowned_player":1,"minecraft:sheep":6,"minecraft:zombie":9,"ecologics:squirrel":1,"alexsmobs:fly":1,"minecraft:cow":16},"minecraft:custom":{"minecraft:mob_kills":65,"minecraft:open_barrel":5,"minecraft:interact_with_crafting_table":43,"minecraft:damage_dealt_resisted":236,"minecraft:leave_game":2,"minecraft:time_since_death":36984,"minecraft:climb_one_cm":26482,"minecraft:sprint_one_cm":595276,"minecraft:walk_one_cm":646045,"minecraft:drop":88,"minecraft:talked_to_villager":4,"minecraft:play_time":237139,"minecraft:sneak_time":14433,"minecraft:deaths":11,"minecraft:walk_under_water_one_cm":23309,"minecraft:jump":6191,"minecraft:interact_with_blast_furnace":25,"minecraft:walk_on_water_one_cm":38553,"minecraft:total_world_time":237139,"minecraft:interact_with_furnace":66,"minecraft:sleep_in_bed":4,"minecraft:time_since_rest":37014,"minecraft:damage_taken":5013,"minecraft:damage_dealt":9081,"minecraft:player_kills":1,"minecraft:swim_one_cm":72643,"minecraft:fly_one_cm":1382333,"minecraft:open_chest":140,"minecraft:crouch_one_cm":47973,"minecraft:fall_one_cm":197297},"minecraft:picked_up":{"minecraft:wooden_axe":2,"minecraft:iron_chestplate":4,"minecraft:crafting_table":5,"minecraft:chicken":5,"minecraft:ladder":4,"minecraft:pink_wool":1,"minecraft:oak_stairs":25,"minecraft:shield":1,"minecraft:string":15,"create:limestone":96,"minecraft:raw_copper":11,"minecraft:iron_axe":2,"minecraft:wooden_sword":1,"minecraft:iron_leggings":3,"minecraft:smooth_stone":12,"minecraft:cobbled_deepslate":3,"minecraft:bucket":5,"minecraft:beef":89,"minecraft:calcite":1,"minecraft:wooden_shovel":2,"minecraft:iron_pickaxe":3,"minecraft:birch_sapling":6,"minecraft:iron_boots":4,"minecraft:furnace":6,"minecraft:dark_oak_door":1,"minecraft:raw_iron":91,"minecraft:stick":32,"projectvibrantjourneys:bark_mushroom":1,"minecraft:torch":51,"minecraft:porkchop":42,"pointblank:gunmetal_nugget":47,"psg:sulphur":36,"minecraft:carrot":20,"minecraft:stone_sword":3,"minecraft:arrow":4,"minecraft:rotten_flesh":24,"create:scoria":14,"minecraft:peony":2,"k_turrets:raw_titanium":17,"minecraft:hay_block":36,"create:asurine":2,"minecraft:white_wool":16,"minecraft:mutton":26,"minecraft:cobblestone":716,"minecraft:birch_log":6,"minecraft:pink_petals":17,"minecraft:feather":15,"minecraft:cooked_beef":31,"minecraft:cherry_planks":35,"minecraft:andesite":168,"minecraft:leather":25,"minecraft:smoker":4,"minecraft:potato":2,"minecraft:birch_planks":3,"minecraft:tuff":16,"minecraft:oak_log":12,"minecraft:cobblestone_wall":2,"minecraft:gunpowder":8,"minecraft:cobblestone_stairs":3,"minecraft:dirt":56,"psg:potassium":12,"minecraft:cooked_mutton":5,"minecraft:leather_boots":1,"minecraft:bone":8,"minecraft:wheat_seeds":44,"minecraft:iron_ingot":6,"minecraft:stone_pickaxe":6,"minecraft:cooked_chicken":7,"minecraft:stone_hoe":1,"minecraft:iron_sword":3,"minecraft:oak_planks":33,"projectvibrantjourneys:light_brown_bark_mushroom":2,"minecraft:dark_oak_slab":1,"minecraft:cooked_porkchop":3,"psg:raw_potassium":13,"minecraft:dandelion":1,"sophisticatedbackpacks:iron_backpack":3,"minecraft:white_bed":10,"minecraft:spider_eye":1,"alexsmobs:animal_dictionary":1,"minecraft:stone_axe":1,"minecraft:iron_helmet":3,"minecraft:stripped_dark_oak_log":2,"minecraft:bread":62,"minecraft:emerald":2,"alexsmobs:maggot":1,"projectvibrantjourneys:orange_bark_mushroom":1,"minecraft:oak_sapling":2,"projectvibrantjourneys:twigs":1,"minecraft:black_wool":1,"minecraft:bricks":1,"minecraft:coal":252,"minecraft:sunflower":1,"minecraft:ender_pearl":3},"minecraft:crafted":{"minecraft:wooden_sword":1,"minecraft:oak_planks":44,"minecraft:furnace":2,"minecraft:bone_meal":3,"minecraft:cooked_mutton":2,"minecraft:cherry_trapdoor":2,"minecraft:iron_boots":1,"minecraft:iron_axe":1,"minecraft:ladder":9,"minecraft:stone_pickaxe":4,"minecraft:chest":2,"minecraft:stone_hoe":1,"sophisticatedbackpacks:iron_backpack":2,"minecraft:wheat":108,"minecraft:cooked_beef":12,"minecraft:wooden_shovel":1,"sophisticatedbackpacks:backpack":1,"minecraft:cooked_porkchop":28,"minecraft:crafting_table":2,"minecraft:wooden_pickaxe":1,"minecraft:iron_helmet":1,"minecraft:iron_sword":1,"minecraft:bucket":1,"minecraft:birch_planks":24,"minecraft:stone_axe":1,"minecraft:bread":36,"minecraft:air":0,"minecraft:white_wool":1,"minecraft:iron_chestplate":1,"minecraft:white_dye":3,"minecraft:stick":60,"minecraft:iron_ingot":56,"minecraft:iron_pickaxe":2,"minecraft:wooden_axe":1,"minecraft:stone_sword":3,"minecraft:iron_leggings":1,"minecraft:white_bed":1,"minecraft:torch":52},"minecraft:killed_by":{"minecraft:creeper":1,"hordes:zombie_player":2,"minecraft:zombie":2,"alexsmobs:grizzly_bear":3},"minecraft:used":{"minecraft:stone_sword":33,"minecraft:ladder":13,"minecraft:chest":1,"minecraft:stone":10,"minecraft:iron_sword":138,"minecraft:cooked_chicken":2,"minecraft:wooden_shovel":51,"minecraft:rotten_flesh":4,"minecraft:stone_hoe":15,"minecraft:iron_chestplate":1,"minecraft:torch":64,"minecraft:dirt":33,"minecraft:cobblestone_wall":2,"minecraft:carrot":9,"minecraft:tuff":2,"minecraft:milk_bucket":1,"minecraft:wooden_axe":25,"minecraft:bricks":1,"minecraft:iron_axe":5,"minecraft:oak_stairs":24,"minecraft:cherry_trapdoor":1,"create:scoria":14,"minecraft:dark_oak_slab":1,"minecraft:iron_boots":1,"minecraft:beef":4,"minecraft:hay_block":2,"minecraft:furnace":7,"minecraft:cooked_beef":18,"minecraft:cobbled_deepslate":3,"minecraft:cooked_mutton":4,"minecraft:water_bucket":1,"minecraft:birch_planks":19,"minecraft:oak_planks":34,"minecraft:stone_pickaxe":439,"minecraft:wooden_pickaxe":59,"minecraft:crafting_table":6,"minecraft:white_bed":8,"minecraft:oak_log":1,"minecraft:bread":14,"minecraft:iron_pickaxe":368,"create:asurine":2,"minecraft:stone_axe":53,"minecraft:wooden_sword":105,"minecraft:cobblestone":166,"minecraft:cooked_porkchop":28,"minecraft:andesite":136,"minecraft:bucket":1,"minecraft:smooth_stone":12},"minecraft:broken":{"minecraft:wooden_pickaxe":1,"minecraft:stone_pickaxe":3,"minecraft:wooden_sword":1,"minecraft:iron_pickaxe":1},"minecraft:mined":{"minecraft:tuff":9,"minecraft:white_bed":9,"minecraft:cobblestone_stairs":3,"minecraft:cherry_log":1,"minecraft:ladder":4,"minecraft:grass_block":26,"minecraft:spruce_leaves":3,"minecraft:large_fern":1,"minecraft:smooth_stone":12,"minecraft:hay_block":36,"minecraft:carrots":3,"minecraft:furnace":5,"minecraft:iron_ore":75,"minecraft:andesite":87,"projectvibrantjourneys:bark_mushroom":1,"minecraft:peony":1,"minecraft:deepslate_iron_ore":2,"minecraft:oak_stairs":25,"minecraft:stone":429,"create:limestone":52,"projectvibrantjourneys:cattail":1,"minecraft:smoker":4,"minecraft:stripped_dark_oak_log":2,"minecraft:torch":1,"minecraft:crafting_table":3,"minecraft:emerald_ore":1,"minecraft:calcite":2,"ecologics:walnut_leaves":8,"create:scoria":14,"projectvibrantjourneys:natural_cobweb":9,"minecraft:tall_grass":65,"minecraft:cobblestone":45,"minecraft:wall_torch":9,"minecraft:bricks":1,"minecraft:oak_planks":9,"minecraft:pink_petals":7,"minecraft:birch_planks":1,"minecraft:dark_oak_slab":1,"minecraft:cobblestone_wall":2,"minecraft:birch_log":7,"minecraft:birch_leaves":3,"minecraft:grass":84,"k_turrets:titanium_ore":11,"minecraft:coal_ore":97,"minecraft:oak_log":12,"projectvibrantjourneys:short_grass":18,"minecraft:sunflower":3,"minecraft:dirt":29,"minecraft:cobweb":2,"minecraft:oak_leaves":7,"minecraft:deepslate":1},"minecraft:dropped":{"sophisticatedbackpacks:iron_backpack":1,"minecraft:iron_ingot":6,"minecraft:iron_sword":1,"minecraft:birch_planks":2,"minecraft:porkchop":8,"minecraft:wheat_seeds":19,"minecraft:cooked_beef":3,"minecraft:crafting_table":1,"minecraft:iron_helmet":1,"minecraft:cobblestone":91,"minecraft:leather":5,"projectvibrantjourneys:orange_bark_mushroom":1,"minecraft:coal":43,"minecraft:stick":11,"minecraft:emerald":1,"minecraft:dirt":1,"minecraft:torch":19,"minecraft:mutton":2,"minecraft:wooden_axe":2,"minecraft:iron_leggings":1,"minecraft:wooden_sword":2,"minecraft:sunflower":1,"minecraft:iron_pickaxe":1,"minecraft:string":1,"minecraft:pink_petals":17,"minecraft:white_wool":3,"minecraft:bucket":2,"projectvibrantjourneys:bark_mushroom":1,"minecraft:dandelion":1,"minecraft:bone":5,"minecraft:dark_oak_door":1,"alexsmobs:maggot":1,"minecraft:cooked_chicken":3,"minecraft:stone_sword":3,"alexsmobs:animal_dictionary":1,"minecraft:raw_copper":11,"minecraft:tuff":7,"minecraft:birch_sapling":2,"minecraft:rotten_flesh":3,"minecraft:iron_boots":1,"psg:raw_potassium":11,"minecraft:cooked_mutton":1,"minecraft:white_bed":1,"minecraft:carrot":11,"psg:sulphur":36,"pointblank:gunmetal_nugget":26,"projectvibrantjourneys:light_brown_bark_mushroom":1,"minecraft:potato":2,"minecraft:shield":1,"minecraft:gunpowder":4,"minecraft:peony":2,"minecraft:iron_chestplate":1,"minecraft:andesite":7,"minecraft:leather_boots":1,"create:limestone":43,"minecraft:spider_eye":1,"minecraft:stone_pickaxe":2,"minecraft:beef":21,"minecraft:black_wool":1}},"DataVersion":3465}