{"stats":{"minecraft:killed":{"hordes:zombie_player":3,"minecraft:spider":1,"minecraft:pig":15,"minecraft:zombie_villager":1,"minecraft:sheep":1,"minecraft:zombie":6,"minecraft:cow":3},"minecraft:custom":{"minecraft:mob_kills":31,"minecraft:interact_with_crafting_table":30,"minecraft:damage_dealt_resisted":236,"minecraft:time_since_death":2703,"minecraft:climb_one_cm":8194,"minecraft:sprint_one_cm":246926,"minecraft:walk_one_cm":362474,"minecraft:drop":42,"minecraft:play_time":124346,"minecraft:deaths":8,"minecraft:sneak_time":12867,"minecraft:walk_under_water_one_cm":1828,"minecraft:jump":3233,"minecraft:interact_with_blast_furnace":12,"minecraft:walk_on_water_one_cm":8557,"minecraft:total_world_time":124346,"minecraft:interact_with_furnace":40,"minecraft:sleep_in_bed":4,"minecraft:time_since_rest":2732,"minecraft:damage_taken":3093,"minecraft:damage_dealt":4437,"minecraft:swim_one_cm":702,"minecraft:fly_one_cm":731117,"minecraft:player_kills":1,"minecraft:open_chest":39,"minecraft:crouch_one_cm":43178,"minecraft:fall_one_cm":109902},"minecraft:picked_up":{"minecraft:wooden_axe":2,"minecraft:iron_chestplate":1,"minecraft:crafting_table":4,"minecraft:oak_stairs":25,"minecraft:shield":1,"minecraft:string":5,"minecraft:wooden_sword":1,"minecraft:cobbled_deepslate":2,"minecraft:smooth_stone":12,"minecraft:bucket":5,"minecraft:beef":55,"minecraft:wooden_shovel":2,"minecraft:birch_sapling":6,"minecraft:iron_boots":1,"minecraft:furnace":4,"minecraft:stick":29,"minecraft:raw_iron":34,"minecraft:torch":20,"minecraft:porkchop":33,"pointblank:gunmetal_nugget":32,"minecraft:stone_sword":1,"minecraft:arrow":1,"minecraft:rotten_flesh":19,"create:scoria":14,"k_turrets:raw_titanium":3,"minecraft:hay_block":12,"create:asurine":2,"minecraft:mutton":6,"minecraft:white_wool":4,"minecraft:cobblestone":594,"minecraft:birch_log":6,"minecraft:cooked_beef":2,"minecraft:cherry_planks":35,"minecraft:andesite":148,"minecraft:leather":5,"minecraft:birch_planks":3,"minecraft:tuff":16,"minecraft:oak_log":11,"minecraft:gunpowder":6,"minecraft:cobblestone_stairs":3,"minecraft:dirt":34,"psg:potassium":12,"minecraft:leather_boots":1,"minecraft:cooked_mutton":4,"minecraft:bone":5,"minecraft:wheat_seeds":40,"minecraft:cooked_chicken":4,"minecraft:stone_pickaxe":5,"minecraft:oak_planks":33,"minecraft:stone_hoe":1,"projectvibrantjourneys:light_brown_bark_mushroom":2,"minecraft:cooked_porkchop":3,"minecraft:white_bed":10,"alexsmobs:animal_dictionary":1,"minecraft:stone_axe":1,"projectvibrantjourneys:orange_bark_mushroom":1,"minecraft:oak_sapling":2,"projectvibrantjourneys:twigs":1,"minecraft:bricks":1,"minecraft:coal":121},"minecraft:crafted":{"minecraft:wooden_sword":1,"minecraft:oak_planks":44,"minecraft:furnace":2,"minecraft:cooked_mutton":2,"minecraft:iron_boots":1,"minecraft:ladder":3,"minecraft:stone_pickaxe":4,"minecraft:chest":1,"minecraft:stone_hoe":1,"minecraft:cooked_beef":1,"minecraft:wooden_shovel":1,"minecraft:cooked_porkchop":28,"minecraft:crafting_table":1,"minecraft:wooden_pickaxe":1,"minecraft:bucket":1,"minecraft:birch_planks":24,"minecraft:stone_axe":1,"minecraft:air":0,"minecraft:iron_chestplate":1,"minecraft:white_wool":1,"minecraft:stick":36,"minecraft:iron_pickaxe":1,"minecraft:iron_ingot":18,"minecraft:wooden_axe":1,"minecraft:stone_sword":3,"minecraft:white_bed":1,"minecraft:torch":52},"minecraft:killed_by":{"minecraft:creeper":1,"hordes:zombie_player":2,"minecraft:zombie":2},"minecraft:used":{"minecraft:stone_sword":21,"minecraft:ladder":3,"minecraft:chest":1,"minecraft:wooden_shovel":31,"minecraft:stone_hoe":15,"minecraft:cooked_chicken":2,"minecraft:rotten_flesh":4,"minecraft:iron_chestplate":1,"minecraft:torch":41,"minecraft:dirt":27,"minecraft:tuff":2,"minecraft:milk_bucket":1,"minecraft:wooden_axe":25,"minecraft:bricks":1,"minecraft:oak_stairs":23,"create:scoria":14,"minecraft:beef":4,"minecraft:furnace":6,"minecraft:cooked_beef":2,"minecraft:cooked_mutton":4,"minecraft:water_bucket":1,"minecraft:birch_planks":19,"minecraft:stone_pickaxe":363,"minecraft:oak_planks":25,"minecraft:wooden_pickaxe":59,"minecraft:crafting_table":5,"minecraft:white_bed":8,"minecraft:bread":9,"minecraft:iron_pickaxe":250,"minecraft:stone_axe":48,"minecraft:wooden_sword":105,"minecraft:cobblestone":125,"minecraft:cooked_porkchop":26,"minecraft:andesite":123,"minecraft:bucket":1,"minecraft:smooth_stone":12},"minecraft:broken":{"minecraft:wooden_pickaxe":1,"minecraft:stone_pickaxe":3,"minecraft:wooden_sword":1,"minecraft:iron_pickaxe":1},"minecraft:mined":{"minecraft:tuff":9,"minecraft:white_bed":9,"minecraft:cobblestone_stairs":3,"minecraft:grass_block":20,"minecraft:hay_block":12,"minecraft:smooth_stone":12,"minecraft:furnace":5,"minecraft:iron_ore":26,"minecraft:andesite":70,"minecraft:oak_stairs":25,"minecraft:stone":407,"minecraft:crafting_table":3,"ecologics:walnut_leaves":8,"create:scoria":14,"projectvibrantjourneys:natural_cobweb":3,"minecraft:tall_grass":47,"minecraft:cobblestone":29,"minecraft:oak_planks":9,"minecraft:bricks":1,"minecraft:wall_torch":4,"minecraft:birch_planks":1,"minecraft:birch_log":7,"k_turrets:titanium_ore":3,"minecraft:grass":73,"minecraft:coal_ore":91,"minecraft:oak_log":11,"projectvibrantjourneys:short_grass":9,"minecraft:dirt":13,"minecraft:oak_leaves":3},"minecraft:dropped":{"minecraft:birch_planks":2,"minecraft:porkchop":5,"minecraft:wheat_seeds":17,"minecraft:cooked_beef":1,"minecraft:cobblestone":90,"minecraft:leather":5,"projectvibrantjourneys:orange_bark_mushroom":1,"minecraft:stick":8,"minecraft:dirt":1,"minecraft:mutton":2,"minecraft:wooden_axe":2,"minecraft:wooden_sword":2,"minecraft:bucket":2,"minecraft:bone":2,"minecraft:stone_sword":2,"alexsmobs:animal_dictionary":1,"minecraft:tuff":7,"minecraft:birch_sapling":2,"minecraft:rotten_flesh":3,"minecraft:white_bed":1,"pointblank:gunmetal_nugget":20,"projectvibrantjourneys:light_brown_bark_mushroom":1,"minecraft:shield":1,"minecraft:gunpowder":2,"minecraft:andesite":7,"minecraft:leather_boots":1,"minecraft:beef":21,"minecraft:stone_pickaxe":2}},"DataVersion":3465}