{"stats":{"minecraft:killed":{"hordes:zombie_player":3,"minecraft:spider":1,"minecraft:horse":1,"minecraft:pig":16,"minecraft:zombie_villager":1,"minecraft:sheep":1,"minecraft:zombie":7,"ecologics:squirrel":1,"minecraft:cow":7},"minecraft:custom":{"minecraft:mob_kills":39,"minecraft:interact_with_crafting_table":39,"minecraft:damage_dealt_resisted":236,"minecraft:time_since_death":32703,"minecraft:climb_one_cm":15520,"minecraft:sprint_one_cm":278136,"minecraft:walk_one_cm":428566,"minecraft:drop":45,"minecraft:play_time":154346,"minecraft:deaths":8,"minecraft:sneak_time":13457,"minecraft:walk_under_water_one_cm":17019,"minecraft:jump":3805,"minecraft:interact_with_blast_furnace":17,"minecraft:walk_on_water_one_cm":30416,"minecraft:total_world_time":154346,"minecraft:interact_with_furnace":40,"minecraft:sleep_in_bed":4,"minecraft:time_since_rest":32732,"minecraft:damage_taken":3395,"minecraft:damage_dealt":5424,"minecraft:swim_one_cm":39741,"minecraft:fly_one_cm":826928,"minecraft:player_kills":1,"minecraft:open_chest":66,"minecraft:crouch_one_cm":44369,"minecraft:fall_one_cm":125474},"minecraft:picked_up":{"minecraft:wooden_axe":2,"minecraft:iron_chestplate":1,"minecraft:crafting_table":4,"minecraft:ladder":4,"minecraft:oak_stairs":25,"minecraft:shield":1,"minecraft:string":9,"minecraft:wooden_sword":1,"minecraft:cobbled_deepslate":3,"minecraft:smooth_stone":12,"minecraft:bucket":5,"minecraft:beef":64,"minecraft:wooden_shovel":2,"minecraft:birch_sapling":6,"minecraft:iron_boots":1,"minecraft:furnace":4,"minecraft:stick":29,"minecraft:raw_iron":59,"minecraft:torch":30,"minecraft:porkchop":36,"pointblank:gunmetal_nugget":32,"minecraft:stone_sword":1,"minecraft:arrow":1,"minecraft:rotten_flesh":20,"create:scoria":14,"k_turrets:raw_titanium":3,"minecraft:hay_block":12,"create:asurine":2,"minecraft:mutton":6,"minecraft:white_wool":4,"minecraft:cobblestone":635,"minecraft:birch_log":6,"minecraft:cooked_beef":11,"minecraft:cherry_planks":35,"minecraft:andesite":165,"minecraft:leather":11,"minecraft:birch_planks":3,"minecraft:tuff":16,"minecraft:oak_log":12,"minecraft:gunpowder":6,"minecraft:cobblestone_stairs":3,"minecraft:dirt":56,"psg:potassium":12,"minecraft:leather_boots":1,"minecraft:cooked_mutton":4,"minecraft:bone":5,"minecraft:wheat_seeds":42,"minecraft:cooked_chicken":4,"minecraft:stone_pickaxe":6,"minecraft:oak_planks":33,"minecraft:stone_hoe":1,"projectvibrantjourneys:light_brown_bark_mushroom":2,"minecraft:cooked_porkchop":3,"psg:raw_potassium":2,"minecraft:white_bed":10,"alexsmobs:animal_dictionary":1,"minecraft:stone_axe":1,"projectvibrantjourneys:orange_bark_mushroom":1,"minecraft:oak_sapling":2,"projectvibrantjourneys:twigs":1,"minecraft:bricks":1,"minecraft:coal":145},"minecraft:crafted":{"minecraft:wooden_sword":1,"minecraft:oak_planks":44,"minecraft:furnace":2,"minecraft:cooked_mutton":2,"minecraft:cherry_trapdoor":2,"minecraft:iron_boots":1,"minecraft:iron_axe":1,"minecraft:ladder":9,"minecraft:stone_pickaxe":4,"minecraft:chest":1,"minecraft:stone_hoe":1,"minecraft:wheat":108,"minecraft:cooked_beef":1,"minecraft:wooden_shovel":1,"minecraft:cooked_porkchop":28,"minecraft:crafting_table":2,"minecraft:iron_helmet":1,"minecraft:wooden_pickaxe":1,"minecraft:iron_sword":1,"minecraft:bucket":1,"minecraft:birch_planks":24,"minecraft:stone_axe":1,"minecraft:bread":36,"minecraft:air":0,"minecraft:iron_chestplate":1,"minecraft:white_wool":1,"minecraft:stick":60,"minecraft:iron_pickaxe":2,"minecraft:iron_ingot":51,"minecraft:wooden_axe":1,"minecraft:stone_sword":3,"minecraft:iron_leggings":1,"minecraft:white_bed":1,"minecraft:torch":52},"minecraft:killed_by":{"minecraft:creeper":1,"hordes:zombie_player":2,"minecraft:zombie":2},"minecraft:used":{"minecraft:stone_sword":26,"minecraft:ladder":13,"minecraft:chest":1,"minecraft:iron_sword":29,"minecraft:wooden_shovel":51,"minecraft:stone_hoe":15,"minecraft:cooked_chicken":2,"minecraft:rotten_flesh":4,"minecraft:iron_chestplate":1,"minecraft:torch":64,"minecraft:dirt":33,"minecraft:tuff":2,"minecraft:milk_bucket":1,"minecraft:wooden_axe":25,"minecraft:bricks":1,"minecraft:oak_stairs":23,"minecraft:cherry_trapdoor":1,"create:scoria":14,"minecraft:beef":4,"minecraft:furnace":6,"minecraft:cooked_beef":5,"minecraft:cobbled_deepslate":3,"minecraft:cooked_mutton":4,"minecraft:water_bucket":1,"minecraft:birch_planks":19,"minecraft:stone_pickaxe":439,"minecraft:oak_planks":34,"minecraft:wooden_pickaxe":59,"minecraft:crafting_table":6,"minecraft:white_bed":8,"minecraft:oak_log":1,"minecraft:bread":9,"minecraft:iron_pickaxe":250,"create:asurine":2,"minecraft:stone_axe":53,"minecraft:wooden_sword":105,"minecraft:cobblestone":154,"minecraft:cooked_porkchop":28,"minecraft:andesite":135,"minecraft:bucket":1,"minecraft:smooth_stone":12},"minecraft:broken":{"minecraft:wooden_pickaxe":1,"minecraft:stone_pickaxe":3,"minecraft:wooden_sword":1,"minecraft:iron_pickaxe":1},"minecraft:mined":{"minecraft:tuff":9,"minecraft:white_bed":9,"minecraft:cobblestone_stairs":3,"minecraft:ladder":4,"minecraft:grass_block":26,"minecraft:spruce_leaves":1,"minecraft:large_fern":1,"minecraft:hay_block":12,"minecraft:smooth_stone":12,"minecraft:furnace":5,"minecraft:iron_ore":50,"minecraft:andesite":84,"minecraft:oak_stairs":25,"minecraft:stone":425,"minecraft:crafting_table":3,"minecraft:torch":1,"ecologics:walnut_leaves":8,"create:scoria":14,"projectvibrantjourneys:natural_cobweb":6,"minecraft:tall_grass":54,"minecraft:cobblestone":35,"minecraft:oak_planks":9,"minecraft:bricks":1,"minecraft:wall_torch":9,"minecraft:birch_planks":1,"minecraft:birch_log":7,"minecraft:birch_leaves":2,"k_turrets:titanium_ore":3,"minecraft:grass":74,"minecraft:coal_ore":97,"minecraft:oak_log":12,"projectvibrantjourneys:short_grass":10,"minecraft:dirt":29,"minecraft:deepslate":1,"minecraft:oak_leaves":3},"minecraft:dropped":{"minecraft:birch_planks":2,"minecraft:porkchop":8,"minecraft:wheat_seeds":17,"minecraft:cooked_beef":3,"minecraft:cobblestone":90,"minecraft:leather":5,"projectvibrantjourneys:orange_bark_mushroom":1,"minecraft:stick":8,"minecraft:dirt":1,"minecraft:mutton":2,"minecraft:wooden_axe":2,"minecraft:wooden_sword":2,"minecraft:bucket":2,"minecraft:bone":2,"minecraft:stone_sword":2,"alexsmobs:animal_dictionary":1,"minecraft:tuff":7,"minecraft:birch_sapling":2,"minecraft:rotten_flesh":3,"minecraft:white_bed":1,"pointblank:gunmetal_nugget":20,"projectvibrantjourneys:light_brown_bark_mushroom":1,"minecraft:shield":1,"minecraft:gunpowder":2,"minecraft:andesite":7,"minecraft:leather_boots":1,"minecraft:beef":21,"minecraft:stone_pickaxe":2}},"DataVersion":3465}