{"stats":{"minecraft:used":{"minecraft:moss_carpet":3,"minecraft:stone_sword":30,"minecraft:flint_and_steel":4,"minecraft:chest":7,"minecraft:spruce_planks":11,"minecraft:shield":51,"minecraft:iron_sword":45,"minecraft:cooked_chicken":5,"minecraft:iron_chestplate":1,"minecraft:torch":59,"minecraft:dirt":5,"minecraft:carrot":4,"minecraft:spruce_boat":1,"minecraft:wooden_axe":100,"minecraft:iron_boots":1,"minecraft:iron_helmet":1,"minecraft:magma_block":2,"minecraft:bow":17,"minecraft:beef":1,"minecraft:sweet_berries":2,"minecraft:mangrove_roots":5,"minecraft:furnace":2,"minecraft:egg":1,"minecraft:cooked_beef":2,"minecraft:iron_leggings":1,"minecraft:calcite":30,"minecraft:wheat_seeds":16,"minecraft:cooked_mutton":2,"minecraft:water_bucket":9,"projectvibrantjourneys:light_brown_bark_mushroom":2,"minecraft:cartography_table":1,"minecraft:baked_potato":1,"minecraft:stone_pickaxe":132,"minecraft:oak_planks":4,"minecraft:wooden_pickaxe":74,"minecraft:blue_bed":3,"minecraft:fletching_table":6,"minecraft:gold_ore":3,"minecraft:mossy_cobblestone":1,"minecraft:glow_berries":10,"minecraft:red_bed":1,"minecraft:crafting_table":11,"minecraft:white_bed":5,"minecraft:chicken":1,"minecraft:bread":21,"minecraft:iron_pickaxe":702,"minecraft:spruce_trapdoor":1,"minecraft:spruce_sapling":1,"minecraft:diamond_ore":1,"minecraft:stone_axe":61,"minecraft:wooden_sword":42,"minecraft:cobblestone":361,"minecraft:grindstone":1,"minecraft:porkchop":4,"minecraft:cooked_porkchop":3,"minecraft:bucket":10,"alexsmobs:animal_dictionary":1,"minecraft:purple_carpet":2,"minecraft:coarse_dirt":2,"minecraft:peony":1,"minecraft:moss_block":1},"minecraft:killed":{"hordes:zombie_player":10,"minecraft:spider":1,"minecraft:phantom":1,"minecraft:skeleton":1,"minecraft:chicken":5,"alexsmobs:grizzly_bear":1,"minecraft:pig":8,"minecraft:zombie":8,"minecraft:cow":2},"minecraft:picked_up":{"minecraft:wooden_axe":1,"minecraft:coarse_dirt":5,"minecraft:mud":1,"minecraft:crafting_table":4,"minecraft:iron_chestplate":2,"minecraft:wheat":10,"minecraft:chicken":5,"minecraft:smithing_table":1,"minecraft:brown_mushroom":6,"minecraft:wooden_pickaxe":1,"minecraft:shield":2,"minecraft:string":6,"minecraft:moss_carpet":9,"minecraft:raw_copper":186,"minecraft:cooked_salmon":2,"minecraft:wooden_sword":2,"minecraft:flint_and_steel":1,"minecraft:iron_leggings":2,"tacz:ammo":90,"minecraft:blue_orchid":1,"minecraft:cartography_table":1,"minecraft:cobbled_deepslate":11,"minecraft:spruce_planks":16,"minecraft:beef":28,"minecraft:calcite":33,"minecraft:iron_pickaxe":1,"minecraft:chest":2,"minecraft:spruce_trapdoor":1,"minecraft:iron_boots":1,"minecraft:egg":4,"minecraft:stick":16,"minecraft:raw_iron":36,"projectvibrantjourneys:bark_mushroom":2,"minecraft:torch":126,"minecraft:porkchop":20,"pointblank:gunmetal_nugget":35,"psg:sulphur":124,"minecraft:cherry_log":47,"minecraft:diorite":1,"minecraft:carrot":11,"minecraft:cauldron":2,"minecraft:stone_sword":5,"minecraft:arrow":37,"minecraft:rotten_flesh":13,"minecraft:peony":1,"k_turrets:raw_titanium":12,"minecraft:hay_block":12,"minecraft:mangrove_roots":5,"minecraft:glow_berries":4,"minecraft:mutton":2,"minecraft:white_wool":1,"minecraft:cobblestone":647,"minecraft:magma_block":16,"minecraft:feather":6,"minecraft:cooked_beef":1,"minecraft:water_bucket":1,"minecraft:andesite":9,"projectvibrantjourneys:fallen_leaves":1,"minecraft:leather":15,"alexsmobs:bear_fur":2,"minecraft:red_mushroom":1,"minecraft:birch_planks":1,"minecraft:flint":1,"minecraft:tuff":16,"create:raw_zinc":42,"minecraft:oak_log":29,"minecraft:gunpowder":1,"projectvibrantjourneys:oak_hollow_log":11,"minecraft:blue_bed":4,"minecraft:lapis_lazuli":161,"minecraft:dirt":10,"psg:potassium":6,"minecraft:purple_carpet":4,"minecraft:leather_boots":1,"minecraft:cooked_mutton":4,"minecraft:bone":4,"minecraft:bow":1,"minecraft:wheat_seeds":87,"minecraft:raw_gold":15,"minecraft:grindstone":1,"minecraft:iron_ingot":1,"minecraft:stone_pickaxe":2,"minecraft:cooked_chicken":7,"minecraft:fletching_table":5,"minecraft:moss_block":13,"minecraft:oak_planks":28,"minecraft:book":18,"projectvibrantjourneys:light_brown_bark_mushroom":6,"minecraft:sweet_berries":66,"psg:raw_potassium":16,"minecraft:dandelion":2,"minecraft:gravel":2,"minecraft:spruce_sapling":1,"minecraft:white_bed":5,"minecraft:spruce_log":30,"minecraft:spider_eye":1,"alexsmobs:animal_dictionary":1,"minecraft:mossy_cobblestone":7,"minecraft:diamond":2,"tacz:modern_kinetic_gun":1,"minecraft:iron_helmet":1,"minecraft:ender_pearl":1,"projectvibrantjourneys:orange_bark_mushroom":3,"minecraft:bread":29,"minecraft:baked_potato":44,"minecraft:oak_sapling":15,"minecraft:mangrove_propagule":1,"minecraft:coal":628},"minecraft:broken":{"minecraft:wooden_pickaxe":1,"minecraft:stone_pickaxe":1,"minecraft:shield":1,"minecraft:iron_pickaxe":2},"minecraft:custom":{"minecraft:mob_kills":37,"minecraft:interact_with_crafting_table":67,"minecraft:open_barrel":7,"minecraft:damage_dealt_resisted":508,"minecraft:leave_game":4,"minecraft:time_since_death":34511,"minecraft:climb_one_cm":8532,"minecraft:sprint_one_cm":401077,"minecraft:walk_one_cm":907299,"minecraft:damage_blocked_by_shield":3705,"minecraft:drop":33,"minecraft:talked_to_villager":39,"minecraft:play_time":241640,"minecraft:sneak_time":17350,"minecraft:deaths":17,"minecraft:walk_under_water_one_cm":37444,"minecraft:boat_one_cm":17591,"minecraft:jump":3971,"minecraft:interact_with_blast_furnace":28,"minecraft:walk_on_water_one_cm":30696,"minecraft:total_world_time":241640,"minecraft:interact_with_furnace":64,"minecraft:traded_with_villager":5,"minecraft:interact_with_cartography_table":3,"minecraft:sleep_in_bed":10,"minecraft:time_since_rest":16049,"minecraft:damage_taken":5924,"minecraft:damage_dealt":5636,"minecraft:player_kills":2,"minecraft:swim_one_cm":36953,"minecraft:fly_one_cm":474363,"minecraft:open_chest":121,"minecraft:crouch_one_cm":49041,"minecraft:interact_with_smithing_table":1,"minecraft:interact_with_smoker":11,"minecraft:fall_one_cm":69562},"minecraft:killed_by":{"minecraft:player":3,"minecraft:creeper":1,"hordes:zombie_player":4,"minecraft:drowned":1,"alexsmobs:murmur_head":1,"minecraft:skeleton":1,"minecraft:zombie":3,"alexsmobs:grizzly_bear":1},"minecraft:crafted":{"minecraft:cherry_planks":188,"minecraft:wooden_sword":2,"minecraft:oak_planks":138,"minecraft:furnace":2,"minecraft:flint_and_steel":1,"minecraft:iron_boots":1,"minecraft:stone_pickaxe":2,"minecraft:chest":5,"minecraft:spruce_boat":1,"minecraft:wheat":108,"minecraft:cooked_beef":14,"minecraft:emerald":5,"minecraft:cooked_porkchop":3,"max_armory:handle":1,"minecraft:crafting_table":8,"minecraft:spruce_planks":120,"minecraft:iron_helmet":1,"minecraft:wooden_pickaxe":3,"minecraft:baked_potato":44,"minecraft:iron_sword":1,"minecraft:copper_ingot":213,"minecraft:stone_axe":2,"minecraft:bread":39,"minecraft:air":0,"minecraft:iron_chestplate":1,"minecraft:charcoal":2,"minecraft:shield":2,"minecraft:stick":208,"minecraft:iron_ingot":28,"minecraft:iron_pickaxe":4,"minecraft:wooden_axe":3,"minecraft:stone_sword":1,"minecraft:iron_leggings":1,"minecraft:gold_ingot":12,"minecraft:torch":64,"minecraft:shears":1},"minecraft:mined":{"create:zinc_ore":21,"minecraft:diamond_ore":1,"minecraft:spruce_planks":15,"minecraft:white_bed":4,"minecraft:mossy_cobblestone":1,"minecraft:deepslate_diamond_ore":1,"minecraft:cherry_log":48,"farmersdelight:wild_carrots":10,"minecraft:mangrove_roots":5,"projectvibrantjourneys:rocks":1,"psg:sulphur_ore":11,"minecraft:spruce_trapdoor":2,"minecraft:glow_lichen":1,"minecraft:grass_block":5,"minecraft:spruce_leaves":2,"minecraft:cartography_table":1,"minecraft:moss_block":4,"minecraft:hay_block":12,"minecraft:magma_block":9,"minecraft:iron_ore":32,"minecraft:fire":2,"projectvibrantjourneys:orange_bark_mushroom":1,"projectvibrantjourneys:bark_mushroom":1,"minecraft:moss_carpet":3,"minecraft:fletching_table":6,"minecraft:deepslate_lapis_ore":6,"minecraft:peony":1,"minecraft:bookshelf":6,"minecraft:cave_vines":7,"minecraft:deepslate_iron_ore":4,"minecraft:vine":3,"minecraft:purple_carpet":2,"minecraft:stone":216,"minecraft:blue_orchid":1,"minecraft:smithing_table":1,"minecraft:brown_mushroom":1,"minecraft:glass_pane":8,"minecraft:hanging_roots":1,"psg:potassium_ore":4,"minecraft:dandelion":1,"minecraft:crafting_table":5,"minecraft:calcite":33,"minecraft:chest":2,"projectvibrantjourneys:natural_cobweb":1,"minecraft:stone_slab":2,"minecraft:copper_ore":26,"minecraft:tall_grass":34,"minecraft:cobblestone":179,"minecraft:deepslate_coal_ore":1,"minecraft:grindstone":2,"minecraft:lapis_ore":8,"minecraft:green_stained_glass_pane":1,"projectvibrantjourneys:fallen_leaves":1,"minecraft:blue_bed":4,"minecraft:diorite":1,"minecraft:wall_torch":3,"minecraft:cauldron":2,"projectvibrantjourneys:light_brown_bark_mushroom":1,"minecraft:coarse_dirt":3,"minecraft:mud":1,"minecraft:wheat":16,"minecraft:sweet_berry_bush":3,"minecraft:spruce_log":31,"minecraft:birch_leaves":1,"minecraft:mangrove_leaves":5,"k_turrets:titanium_ore":10,"minecraft:grass":48,"minecraft:oak_log":29,"minecraft:coal_ore":291,"projectvibrantjourneys:short_grass":39,"minecraft:cherry_leaves":2,"minecraft:gravel":2,"minecraft:dirt":5,"minecraft:cobweb":2,"minecraft:gold_ore":12,"projectvibrantjourneys:oak_hollow_log":11,"minecraft:oak_leaves":2,"minecraft:deepslate":7},"minecraft:dropped":{"minecraft:brown_mushroom":3,"minecraft:birch_planks":1,"minecraft:wheat_seeds":42,"minecraft:cobblestone":66,"projectvibrantjourneys:orange_bark_mushroom":3,"minecraft:stick":9,"minecraft:diorite":1,"minecraft:torch":60,"projectvibrantjourneys:fallen_leaves":1,"minecraft:wooden_axe":1,"minecraft:string":1,"minecraft:white_wool":9,"minecraft:dandelion":1,"minecraft:gravel":1,"minecraft:coarse_dirt":2,"minecraft:stone_sword":1,"minecraft:wheat":1,"minecraft:rotten_flesh":9,"minecraft:oak_planks":5,"alexsmobs:bear_fur":2,"projectvibrantjourneys:light_brown_bark_mushroom":1,"minecraft:spruce_planks":1,"minecraft:beef":5,"minecraft:purple_carpet":2,"minecraft:egg":1}},"DataVersion":3465}