{"stats":{"minecraft:killed":{"minecraft:pig":4,"minecraft:chicken":3},"minecraft:custom":{"minecraft:mob_kills":7,"minecraft:interact_with_crafting_table":8,"minecraft:open_barrel":6,"minecraft:damage_dealt_resisted":30,"minecraft:time_since_death":11356,"minecraft:climb_one_cm":207,"minecraft:time_since_rest":11383,"minecraft:sprint_one_cm":63976,"minecraft:damage_taken":568,"minecraft:walk_one_cm":111212,"minecraft:damage_blocked_by_shield":525,"minecraft:drop":2,"minecraft:damage_dealt":873,"minecraft:swim_one_cm":11230,"minecraft:fly_one_cm":60410,"minecraft:crouch_one_cm":141,"minecraft:play_time":27853,"minecraft:deaths":1,"minecraft:sneak_time":25,"minecraft:walk_under_water_one_cm":6558,"minecraft:jump":513,"minecraft:walk_on_water_one_cm":7198,"minecraft:total_world_time":27853,"minecraft:fall_one_cm":8871},"minecraft:picked_up":{"minecraft:mud":1,"minecraft:crafting_table":1,"minecraft:feather":4,"minecraft:chicken":3,"projectvibrantjourneys:fallen_leaves":1,"minecraft:red_mushroom":1,"minecraft:oak_log":23,"projectvibrantjourneys:oak_hollow_log":11,"minecraft:string":3,"minecraft:dirt":1,"minecraft:moss_carpet":9,"minecraft:wheat_seeds":2,"minecraft:moss_block":1,"projectvibrantjourneys:light_brown_bark_mushroom":2,"minecraft:stick":3,"projectvibrantjourneys:bark_mushroom":1,"minecraft:dandelion":1,"minecraft:porkchop":7,"minecraft:carrot":10,"minecraft:cauldron":2,"minecraft:diamond":1,"minecraft:mangrove_roots":5,"minecraft:oak_sapling":15,"minecraft:glow_berries":4,"minecraft:mangrove_propagule":1,"minecraft:cobblestone":59},"minecraft:crafted":{"minecraft:wooden_sword":1,"minecraft:oak_planks":114,"minecraft:crafting_table":2,"minecraft:wooden_pickaxe":2,"minecraft:stone_axe":1,"minecraft:stick":12,"minecraft:stone_pickaxe":1,"minecraft:wooden_axe":1,"minecraft:stone_sword":1},"minecraft:killed_by":{"minecraft:drowned":1},"minecraft:used":{"minecraft:moss_carpet":3,"minecraft:shield":7,"minecraft:wooden_pickaxe":59,"minecraft:glow_berries":10,"minecraft:dirt":1,"minecraft:crafting_table":2,"minecraft:carrot":4,"minecraft:wooden_axe":12,"minecraft:chicken":1,"minecraft:bread":3,"minecraft:iron_pickaxe":11,"minecraft:diamond_ore":1,"minecraft:wooden_sword":34,"minecraft:mangrove_roots":5,"minecraft:porkchop":2,"alexsmobs:animal_dictionary":1},"minecraft:broken":{"minecraft:wooden_pickaxe":1},"minecraft:mined":{"minecraft:diamond_ore":1,"farmersdelight:wild_carrots":10,"minecraft:mangrove_roots":5,"minecraft:dandelion":1,"projectvibrantjourneys:rocks":1,"minecraft:crafting_table":1,"minecraft:grass_block":1,"projectvibrantjourneys:natural_cobweb":1,"projectvibrantjourneys:fallen_leaves":1,"minecraft:moss_block":1,"minecraft:cauldron":2,"minecraft:mud":1,"projectvibrantjourneys:bark_mushroom":1,"minecraft:moss_carpet":3,"minecraft:grass":6,"minecraft:oak_log":23,"minecraft:cave_vines":7,"projectvibrantjourneys:short_grass":13,"minecraft:cobweb":1,"minecraft:stone":59,"minecraft:oak_leaves":2,"projectvibrantjourneys:oak_hollow_log":11},"minecraft:dropped":{"projectvibrantjourneys:fallen_leaves":1,"minecraft:dandelion":1}},"DataVersion":3465}