{"stats":{"minecraft:custom":{"minecraft:mob_kills":25,"minecraft:interact_with_crafting_table":49,"minecraft:open_barrel":6,"minecraft:damage_dealt_resisted":249,"minecraft:leave_game":3,"minecraft:time_since_death":7244,"minecraft:climb_one_cm":6320,"minecraft:sprint_one_cm":282480,"minecraft:walk_one_cm":521259,"minecraft:damage_blocked_by_shield":1911,"minecraft:drop":21,"minecraft:talked_to_villager":1,"minecraft:play_time":140963,"minecraft:deaths":15,"minecraft:sneak_time":10883,"minecraft:walk_under_water_one_cm":35439,"minecraft:jump":2740,"minecraft:interact_with_blast_furnace":8,"minecraft:walk_on_water_one_cm":25445,"minecraft:total_world_time":140963,"minecraft:interact_with_furnace":50,"minecraft:sleep_in_bed":5,"minecraft:time_since_rest":7270,"minecraft:damage_taken":5066,"minecraft:damage_dealt":3414,"minecraft:swim_one_cm":34999,"minecraft:fly_one_cm":339690,"minecraft:open_chest":42,"minecraft:crouch_one_cm":33102,"minecraft:interact_with_smoker":5,"minecraft:fall_one_cm":47256},"minecraft:crafted":{"minecraft:cherry_planks":188,"minecraft:wooden_sword":2,"minecraft:oak_planks":130,"minecraft:furnace":2,"minecraft:flint_and_steel":1,"minecraft:stone_pickaxe":2,"minecraft:chest":3,"minecraft:wheat":108,"minecraft:cooked_beef":14,"minecraft:cooked_porkchop":3,"minecraft:crafting_table":4,"minecraft:wooden_pickaxe":3,"minecraft:baked_potato":44,"minecraft:stone_axe":1,"minecraft:bread":36,"minecraft:air":0,"minecraft:iron_chestplate":1,"minecraft:shield":1,"minecraft:stick":40,"minecraft:iron_pickaxe":2,"minecraft:iron_ingot":23,"minecraft:wooden_axe":3,"minecraft:stone_sword":1,"minecraft:iron_leggings":1,"minecraft:torch":64},"minecraft:used":{"minecraft:peony":1,"minecraft:moss_carpet":3,"minecraft:stone_sword":19,"minecraft:flint_and_steel":1,"minecraft:chest":3,"minecraft:shield":30,"minecraft:iron_chestplate":1,"minecraft:torch":10,"minecraft:dirt":5,"minecraft:carrot":4,"minecraft:wooden_axe":100,"minecraft:iron_boots":1,"minecraft:iron_helmet":1,"minecraft:magma_block":2,"minecraft:bow":17,"minecraft:beef":1,"minecraft:mangrove_roots":5,"minecraft:furnace":2,"minecraft:egg":1,"minecraft:cooked_beef":2,"minecraft:iron_leggings":1,"minecraft:calcite":30,"minecraft:cooked_mutton":2,"minecraft:water_bucket":1,"projectvibrantjourneys:light_brown_bark_mushroom":2,"minecraft:stone_pickaxe":132,"minecraft:oak_planks":1,"minecraft:wooden_pickaxe":74,"minecraft:glow_berries":10,"minecraft:crafting_table":6,"minecraft:white_bed":5,"minecraft:chicken":1,"minecraft:bread":10,"minecraft:iron_pickaxe":524,"minecraft:diamond_ore":1,"minecraft:wooden_sword":42,"minecraft:cobblestone":181,"minecraft:cooked_porkchop":3,"minecraft:porkchop":4,"minecraft:bucket":2,"alexsmobs:animal_dictionary":1,"minecraft:coarse_dirt":2,"minecraft:moss_block":1},"minecraft:broken":{"minecraft:wooden_pickaxe":1,"minecraft:stone_pickaxe":1,"minecraft:iron_pickaxe":1},"minecraft:dropped":{"minecraft:brown_mushroom":3,"minecraft:birch_planks":1,"minecraft:wheat_seeds":19,"minecraft:cobblestone":64,"minecraft:stick":9,"minecraft:diorite":1,"minecraft:torch":60,"projectvibrantjourneys:fallen_leaves":1,"minecraft:wooden_axe":1,"minecraft:white_wool":9,"minecraft:dandelion":1,"minecraft:gravel":1,"minecraft:coarse_dirt":2,"minecraft:stone_sword":1,"minecraft:rotten_flesh":4,"minecraft:oak_planks":5,"projectvibrantjourneys:light_brown_bark_mushroom":1,"minecraft:beef":5,"minecraft:egg":1},"minecraft:mined":{"create:zinc_ore":21,"minecraft:diamond_ore":1,"minecraft:white_bed":4,"minecraft:cherry_log":48,"farmersdelight:wild_carrots":10,"minecraft:mangrove_roots":5,"projectvibrantjourneys:rocks":1,"psg:sulphur_ore":3,"minecraft:glow_lichen":1,"minecraft:grass_block":4,"minecraft:moss_block":2,"minecraft:hay_block":12,"minecraft:magma_block":9,"minecraft:iron_ore":28,"minecraft:fire":1,"projectvibrantjourneys:bark_mushroom":1,"minecraft:moss_carpet":3,"minecraft:peony":1,"minecraft:cave_vines":7,"minecraft:deepslate_iron_ore":1,"minecraft:vine":1,"minecraft:blue_orchid":1,"minecraft:stone":162,"minecraft:brown_mushroom":1,"minecraft:hanging_roots":1,"psg:potassium_ore":4,"minecraft:dandelion":1,"minecraft:crafting_table":4,"minecraft:calcite":33,"projectvibrantjourneys:natural_cobweb":1,"minecraft:copper_ore":26,"minecraft:cobblestone":138,"minecraft:tall_grass":33,"minecraft:deepslate_coal_ore":1,"minecraft:lapis_ore":8,"projectvibrantjourneys:fallen_leaves":1,"minecraft:diorite":1,"minecraft:wall_torch":2,"minecraft:cauldron":2,"projectvibrantjourneys:light_brown_bark_mushroom":1,"minecraft:coarse_dirt":3,"minecraft:mud":1,"minecraft:sweet_berry_bush":1,"minecraft:birch_leaves":1,"minecraft:mangrove_leaves":5,"k_turrets:titanium_ore":2,"minecraft:grass":46,"minecraft:coal_ore":268,"minecraft:oak_log":27,"projectvibrantjourneys:short_grass":38,"minecraft:cherry_leaves":2,"minecraft:gravel":2,"minecraft:dirt":4,"minecraft:cobweb":1,"minecraft:gold_ore":3,"minecraft:deepslate":4,"minecraft:oak_leaves":2,"projectvibrantjourneys:oak_hollow_log":11},"minecraft:picked_up":{"minecraft:wooden_axe":1,"minecraft:iron_chestplate":2,"minecraft:mud":1,"minecraft:crafting_table":3,"minecraft:coarse_dirt":5,"minecraft:chicken":5,"minecraft:brown_mushroom":6,"minecraft:wooden_pickaxe":1,"minecraft:shield":2,"minecraft:string":3,"minecraft:moss_carpet":9,"minecraft:raw_copper":186,"minecraft:cooked_salmon":2,"minecraft:wooden_sword":2,"minecraft:flint_and_steel":1,"minecraft:iron_leggings":2,"minecraft:blue_orchid":1,"minecraft:cobbled_deepslate":8,"minecraft:beef":28,"minecraft:calcite":33,"minecraft:iron_pickaxe":1,"minecraft:iron_boots":1,"minecraft:egg":4,"minecraft:stick":15,"minecraft:raw_iron":30,"projectvibrantjourneys:bark_mushroom":2,"minecraft:torch":124,"minecraft:porkchop":20,"pointblank:gunmetal_nugget":25,"psg:sulphur":89,"minecraft:cherry_log":47,"minecraft:diorite":1,"minecraft:carrot":11,"minecraft:cauldron":2,"minecraft:arrow":36,"minecraft:stone_sword":5,"minecraft:rotten_flesh":8,"minecraft:peony":1,"k_turrets:raw_titanium":4,"minecraft:hay_block":12,"minecraft:mangrove_roots":5,"minecraft:glow_berries":4,"minecraft:mutton":2,"minecraft:cobblestone":555,"minecraft:white_wool":1,"minecraft:magma_block":16,"minecraft:feather":6,"minecraft:cooked_beef":1,"minecraft:water_bucket":1,"minecraft:andesite":9,"projectvibrantjourneys:fallen_leaves":1,"minecraft:leather":15,"minecraft:red_mushroom":1,"minecraft:birch_planks":1,"minecraft:flint":1,"create:raw_zinc":42,"minecraft:tuff":16,"minecraft:oak_log":27,"projectvibrantjourneys:oak_hollow_log":11,"minecraft:lapis_lazuli":114,"minecraft:dirt":10,"psg:potassium":6,"minecraft:cooked_mutton":4,"minecraft:leather_boots":1,"minecraft:bow":1,"minecraft:wheat_seeds":48,"minecraft:raw_gold":6,"minecraft:cooked_chicken":7,"minecraft:stone_pickaxe":2,"minecraft:moss_block":13,"minecraft:oak_planks":27,"projectvibrantjourneys:light_brown_bark_mushroom":6,"minecraft:sweet_berries":40,"psg:raw_potassium":16,"minecraft:dandelion":1,"minecraft:gravel":2,"minecraft:white_bed":5,"minecraft:spider_eye":1,"alexsmobs:animal_dictionary":1,"minecraft:mossy_cobblestone":6,"minecraft:diamond":1,"minecraft:iron_helmet":1,"minecraft:bread":29,"minecraft:baked_potato":44,"minecraft:oak_sapling":15,"minecraft:coal":594,"minecraft:mangrove_propagule":1},"minecraft:killed":{"hordes:zombie_player":6,"minecraft:phantom":1,"minecraft:chicken":5,"minecraft:pig":8,"minecraft:zombie":3,"minecraft:cow":2},"minecraft:killed_by":{"minecraft:player":2,"minecraft:creeper":1,"hordes:zombie_player":4,"minecraft:drowned":1,"alexsmobs:murmur_head":1,"minecraft:skeleton":1,"minecraft:zombie":3,"alexsmobs:grizzly_bear":1}},"DataVersion":3465}