{"stats":{"minecraft:custom":{"minecraft:mob_kills":24,"minecraft:interact_with_crafting_table":33,"minecraft:open_barrel":6,"minecraft:damage_dealt_resisted":154,"minecraft:leave_game":3,"minecraft:time_since_death":25054,"minecraft:climb_one_cm":3776,"minecraft:sprint_one_cm":238239,"minecraft:walk_one_cm":393821,"minecraft:damage_blocked_by_shield":891,"minecraft:drop":10,"minecraft:talked_to_villager":1,"minecraft:play_time":98963,"minecraft:deaths":14,"minecraft:sneak_time":5677,"minecraft:walk_under_water_one_cm":11598,"minecraft:jump":2171,"minecraft:interact_with_blast_furnace":6,"minecraft:walk_on_water_one_cm":11646,"minecraft:total_world_time":98963,"minecraft:interact_with_furnace":27,"minecraft:sleep_in_bed":5,"minecraft:time_since_rest":11080,"minecraft:damage_taken":4416,"minecraft:damage_dealt":3177,"minecraft:swim_one_cm":31162,"minecraft:fly_one_cm":319429,"minecraft:open_chest":35,"minecraft:crouch_one_cm":19495,"minecraft:interact_with_smoker":5,"minecraft:fall_one_cm":40277},"minecraft:crafted":{"minecraft:cherry_planks":188,"minecraft:wooden_sword":2,"minecraft:oak_planks":130,"minecraft:furnace":1,"minecraft:stone_pickaxe":2,"minecraft:chest":3,"minecraft:wheat":108,"minecraft:cooked_beef":14,"minecraft:cooked_porkchop":3,"minecraft:crafting_table":3,"minecraft:wooden_pickaxe":3,"minecraft:baked_potato":44,"minecraft:stone_axe":1,"minecraft:bread":36,"minecraft:air":0,"minecraft:stick":20,"minecraft:wooden_axe":3,"minecraft:stone_sword":1},"minecraft:used":{"minecraft:peony":1,"minecraft:moss_carpet":3,"minecraft:stone_sword":13,"minecraft:chest":3,"minecraft:shield":17,"minecraft:torch":1,"minecraft:dirt":5,"minecraft:carrot":4,"minecraft:wooden_axe":100,"minecraft:beef":1,"minecraft:mangrove_roots":5,"minecraft:furnace":1,"minecraft:egg":1,"minecraft:cooked_beef":1,"minecraft:calcite":30,"minecraft:cooked_mutton":2,"projectvibrantjourneys:light_brown_bark_mushroom":2,"minecraft:stone_pickaxe":78,"minecraft:oak_planks":1,"minecraft:wooden_pickaxe":74,"minecraft:glow_berries":10,"minecraft:crafting_table":5,"minecraft:white_bed":5,"minecraft:chicken":1,"minecraft:bread":5,"minecraft:iron_pickaxe":35,"minecraft:diamond_ore":1,"minecraft:wooden_sword":42,"minecraft:cobblestone":1,"minecraft:cooked_porkchop":1,"minecraft:porkchop":4,"alexsmobs:animal_dictionary":1,"minecraft:coarse_dirt":2},"minecraft:broken":{"minecraft:wooden_pickaxe":1},"minecraft:dropped":{"minecraft:birch_planks":1,"minecraft:wheat_seeds":19,"minecraft:stick":9,"projectvibrantjourneys:fallen_leaves":1,"minecraft:dandelion":1,"minecraft:stone_sword":1,"minecraft:oak_planks":4,"projectvibrantjourneys:light_brown_bark_mushroom":1,"minecraft:beef":5,"minecraft:egg":1},"minecraft:mined":{"minecraft:diamond_ore":1,"minecraft:white_bed":4,"minecraft:cherry_log":48,"farmersdelight:wild_carrots":10,"minecraft:mangrove_roots":5,"projectvibrantjourneys:rocks":1,"minecraft:grass_block":4,"minecraft:moss_block":1,"minecraft:hay_block":12,"minecraft:iron_ore":20,"projectvibrantjourneys:bark_mushroom":1,"minecraft:moss_carpet":3,"minecraft:peony":1,"minecraft:cave_vines":7,"minecraft:vine":1,"minecraft:blue_orchid":1,"minecraft:stone":114,"minecraft:hanging_roots":1,"minecraft:dandelion":1,"minecraft:crafting_table":4,"minecraft:calcite":33,"projectvibrantjourneys:natural_cobweb":1,"minecraft:tall_grass":33,"projectvibrantjourneys:fallen_leaves":1,"minecraft:cauldron":2,"projectvibrantjourneys:light_brown_bark_mushroom":1,"minecraft:coarse_dirt":2,"minecraft:mud":1,"minecraft:sweet_berry_bush":1,"minecraft:birch_leaves":1,"minecraft:mangrove_leaves":5,"minecraft:grass":46,"minecraft:coal_ore":8,"minecraft:oak_log":27,"projectvibrantjourneys:short_grass":38,"minecraft:cherry_leaves":2,"minecraft:dirt":4,"minecraft:cobweb":1,"minecraft:oak_leaves":2,"projectvibrantjourneys:oak_hollow_log":11},"minecraft:picked_up":{"minecraft:wooden_axe":1,"minecraft:mud":1,"minecraft:crafting_table":3,"minecraft:coarse_dirt":2,"minecraft:chicken":5,"minecraft:wooden_pickaxe":1,"minecraft:shield":1,"minecraft:string":3,"minecraft:moss_carpet":9,"minecraft:cooked_salmon":2,"minecraft:wooden_sword":2,"minecraft:blue_orchid":1,"minecraft:beef":28,"minecraft:calcite":33,"minecraft:egg":4,"minecraft:stick":15,"minecraft:raw_iron":20,"projectvibrantjourneys:bark_mushroom":2,"minecraft:porkchop":20,"pointblank:gunmetal_nugget":20,"psg:sulphur":61,"minecraft:cherry_log":47,"minecraft:carrot":11,"minecraft:cauldron":2,"minecraft:stone_sword":3,"minecraft:rotten_flesh":8,"minecraft:peony":1,"minecraft:hay_block":12,"minecraft:mangrove_roots":5,"minecraft:glow_berries":4,"minecraft:mutton":2,"minecraft:cobblestone":235,"minecraft:white_wool":1,"minecraft:feather":6,"minecraft:andesite":9,"projectvibrantjourneys:fallen_leaves":1,"minecraft:leather":15,"minecraft:red_mushroom":1,"minecraft:birch_planks":1,"minecraft:tuff":16,"minecraft:oak_log":27,"projectvibrantjourneys:oak_hollow_log":11,"minecraft:dirt":10,"psg:potassium":6,"minecraft:cooked_mutton":4,"minecraft:leather_boots":1,"minecraft:wheat_seeds":48,"minecraft:cooked_chicken":2,"minecraft:stone_pickaxe":2,"minecraft:moss_block":1,"minecraft:oak_planks":26,"projectvibrantjourneys:light_brown_bark_mushroom":6,"minecraft:sweet_berries":40,"minecraft:dandelion":1,"minecraft:white_bed":5,"minecraft:spider_eye":1,"alexsmobs:animal_dictionary":1,"minecraft:diamond":1,"minecraft:oak_sapling":15,"minecraft:coal":90,"minecraft:mangrove_propagule":1},"minecraft:killed":{"hordes:zombie_player":5,"minecraft:phantom":1,"minecraft:chicken":5,"minecraft:pig":8,"minecraft:zombie":3,"minecraft:cow":2},"minecraft:killed_by":{"minecraft:player":2,"minecraft:creeper":1,"hordes:zombie_player":4,"minecraft:drowned":1,"alexsmobs:murmur_head":1,"minecraft:skeleton":1,"minecraft:zombie":2,"alexsmobs:grizzly_bear":1}},"DataVersion":3465}