{"stats":{"minecraft:killed":{"minecraft:pig":3,"minecraft:chicken":2},"minecraft:custom":{"minecraft:time_since_rest":15853,"minecraft:sprint_one_cm":38857,"minecraft:damage_taken":139,"minecraft:walk_one_cm":55587,"minecraft:damage_blocked_by_shield":525,"minecraft:mob_kills":5,"minecraft:damage_dealt":611,"minecraft:swim_one_cm":5447,"minecraft:interact_with_crafting_table":3,"minecraft:fly_one_cm":37351,"minecraft:crouch_one_cm":141,"minecraft:play_time":15853,"minecraft:sneak_time":19,"minecraft:walk_under_water_one_cm":5400,"minecraft:jump":243,"minecraft:time_since_death":15853,"minecraft:walk_on_water_one_cm":6872,"minecraft:total_world_time":15853,"minecraft:fall_one_cm":3032},"minecraft:picked_up":{"minecraft:mud":1,"minecraft:stick":3,"minecraft:feather":2,"minecraft:chicken":2,"projectvibrantjourneys:bark_mushroom":1,"minecraft:red_mushroom":1,"minecraft:porkchop":5,"minecraft:oak_log":16,"projectvibrantjourneys:oak_hollow_log":5,"minecraft:dirt":1,"minecraft:string":1,"minecraft:moss_carpet":6,"minecraft:wheat_seeds":2,"minecraft:mangrove_roots":5,"minecraft:oak_sapling":15,"minecraft:mangrove_propagule":1,"minecraft:cobblestone":59},"minecraft:crafted":{"minecraft:oak_planks":74,"minecraft:crafting_table":1,"minecraft:stick":4,"minecraft:wooden_pickaxe":1,"minecraft:stone_pickaxe":1},"minecraft:used":{"minecraft:bread":3,"minecraft:wooden_pickaxe":59,"minecraft:shield":7,"minecraft:wooden_sword":21,"minecraft:dirt":1,"minecraft:crafting_table":1,"minecraft:mangrove_roots":5,"alexsmobs:animal_dictionary":1},"minecraft:broken":{"minecraft:wooden_pickaxe":1},"minecraft:mined":{"minecraft:mud":1,"minecraft:mangrove_roots":5,"projectvibrantjourneys:bark_mushroom":1,"minecraft:moss_carpet":1,"projectvibrantjourneys:rocks":1,"minecraft:grass":3,"minecraft:grass_block":1,"minecraft:oak_log":16,"projectvibrantjourneys:short_grass":9,"minecraft:stone":59,"projectvibrantjourneys:oak_hollow_log":5,"minecraft:oak_leaves":2}},"DataVersion":3465}