{"stats":{"minecraft:killed":{"minecraft:pig":7,"hordes:zombie_player":4,"minecraft:phantom":1,"minecraft:zombie":2,"minecraft:chicken":5,"minecraft:cow":2},"minecraft:custom":{"minecraft:interact_with_furnace":7,"minecraft:mob_kills":21,"minecraft:interact_with_crafting_table":15,"minecraft:open_barrel":6,"minecraft:damage_dealt_resisted":145,"minecraft:leave_game":1,"minecraft:time_since_death":716,"minecraft:sleep_in_bed":3,"minecraft:climb_one_cm":544,"minecraft:time_since_rest":315,"minecraft:sprint_one_cm":168618,"minecraft:damage_taken":3073,"minecraft:walk_one_cm":262596,"minecraft:damage_blocked_by_shield":891,"minecraft:drop":8,"minecraft:damage_dealt":2710,"minecraft:swim_one_cm":31162,"minecraft:fly_one_cm":235562,"minecraft:open_chest":6,"minecraft:crouch_one_cm":8992,"minecraft:play_time":64847,"minecraft:deaths":9,"minecraft:sneak_time":2517,"minecraft:walk_under_water_one_cm":9873,"minecraft:jump":1537,"minecraft:walk_on_water_one_cm":10965,"minecraft:total_world_time":64847,"minecraft:fall_one_cm":32752},"minecraft:picked_up":{"minecraft:wooden_axe":1,"minecraft:mud":1,"minecraft:coarse_dirt":2,"minecraft:crafting_table":2,"minecraft:feather":6,"minecraft:chicken":5,"minecraft:andesite":9,"projectvibrantjourneys:fallen_leaves":1,"minecraft:leather":15,"minecraft:wooden_pickaxe":1,"minecraft:red_mushroom":1,"minecraft:birch_planks":1,"minecraft:tuff":16,"minecraft:oak_log":25,"minecraft:shield":1,"projectvibrantjourneys:oak_hollow_log":11,"minecraft:string":3,"minecraft:dirt":7,"psg:potassium":6,"minecraft:moss_carpet":9,"minecraft:cooked_salmon":2,"minecraft:wooden_sword":2,"minecraft:leather_boots":1,"minecraft:cooked_mutton":4,"minecraft:blue_orchid":1,"minecraft:wheat_seeds":46,"minecraft:stone_pickaxe":2,"minecraft:cooked_chicken":2,"minecraft:beef":28,"minecraft:calcite":33,"minecraft:moss_block":1,"minecraft:oak_planks":25,"minecraft:egg":2,"projectvibrantjourneys:light_brown_bark_mushroom":3,"minecraft:stick":15,"minecraft:raw_iron":5,"minecraft:sweet_berries":40,"projectvibrantjourneys:bark_mushroom":1,"minecraft:dandelion":1,"psg:sulphur":61,"pointblank:gunmetal_nugget":20,"minecraft:porkchop":17,"minecraft:white_bed":1,"minecraft:carrot":11,"alexsmobs:animal_dictionary":1,"minecraft:spider_eye":1,"minecraft:cauldron":2,"minecraft:stone_sword":1,"minecraft:rotten_flesh":4,"minecraft:diamond":1,"minecraft:mangrove_roots":5,"minecraft:mutton":2,"minecraft:coal":83,"minecraft:oak_sapling":15,"minecraft:glow_berries":4,"minecraft:mangrove_propagule":1,"minecraft:white_wool":1,"minecraft:cobblestone":181},"minecraft:crafted":{"minecraft:cooked_beef":4,"minecraft:wooden_sword":2,"minecraft:oak_planks":122,"minecraft:crafting_table":2,"minecraft:wooden_pickaxe":3,"minecraft:furnace":1,"minecraft:stone_axe":1,"minecraft:air":0,"minecraft:stick":16,"minecraft:stone_pickaxe":1,"minecraft:wooden_axe":2,"minecraft:stone_sword":1,"minecraft:chest":2},"minecraft:killed_by":{"minecraft:skeleton":1,"minecraft:creeper":1,"minecraft:zombie":2,"alexsmobs:grizzly_bear":1,"hordes:zombie_player":2,"minecraft:drowned":1,"alexsmobs:murmur_head":1},"minecraft:used":{"minecraft:calcite":30,"minecraft:cooked_mutton":2,"minecraft:moss_carpet":3,"minecraft:stone_sword":8,"minecraft:chest":2,"minecraft:shield":17,"minecraft:wooden_pickaxe":74,"minecraft:glow_berries":10,"minecraft:dirt":2,"minecraft:crafting_table":3,"minecraft:carrot":4,"minecraft:white_bed":1,"minecraft:wooden_axe":40,"minecraft:chicken":1,"minecraft:bread":3,"minecraft:iron_pickaxe":35,"minecraft:diamond_ore":1,"minecraft:wooden_sword":42,"minecraft:beef":1,"minecraft:mangrove_roots":5,"minecraft:furnace":1,"minecraft:porkchop":4,"minecraft:cooked_beef":1,"alexsmobs:animal_dictionary":1,"minecraft:coarse_dirt":2},"minecraft:broken":{"minecraft:wooden_pickaxe":1},"minecraft:mined":{"minecraft:diamond_ore":1,"farmersdelight:wild_carrots":10,"minecraft:mangrove_roots":5,"minecraft:dandelion":1,"projectvibrantjourneys:rocks":1,"minecraft:crafting_table":2,"minecraft:grass_block":4,"minecraft:calcite":33,"projectvibrantjourneys:natural_cobweb":1,"minecraft:tall_grass":27,"projectvibrantjourneys:fallen_leaves":1,"minecraft:moss_block":1,"minecraft:cauldron":2,"minecraft:coarse_dirt":2,"minecraft:mud":1,"minecraft:iron_ore":5,"minecraft:sweet_berry_bush":1,"minecraft:birch_leaves":1,"projectvibrantjourneys:bark_mushroom":1,"minecraft:moss_carpet":3,"minecraft:mangrove_leaves":5,"minecraft:grass":39,"minecraft:oak_log":25,"minecraft:cave_vines":7,"projectvibrantjourneys:short_grass":32,"minecraft:vine":1,"minecraft:cobweb":1,"minecraft:blue_orchid":1,"minecraft:stone":60,"minecraft:oak_leaves":2,"projectvibrantjourneys:oak_hollow_log":11},"minecraft:dropped":{"minecraft:birch_planks":1,"minecraft:wheat_seeds":19,"minecraft:oak_planks":4,"minecraft:stick":9,"projectvibrantjourneys:light_brown_bark_mushroom":1,"projectvibrantjourneys:fallen_leaves":1,"minecraft:beef":5,"minecraft:dandelion":1}},"DataVersion":3465}