{"stats":{"minecraft:custom":{"minecraft:mob_kills":31,"minecraft:interact_with_crafting_table":55,"minecraft:open_barrel":6,"minecraft:damage_dealt_resisted":420,"minecraft:leave_game":3,"minecraft:time_since_death":31244,"minecraft:climb_one_cm":7618,"minecraft:sprint_one_cm":326487,"minecraft:walk_one_cm":637799,"minecraft:damage_blocked_by_shield":2594,"minecraft:drop":22,"minecraft:talked_to_villager":1,"minecraft:play_time":164963,"minecraft:deaths":15,"minecraft:sneak_time":12870,"minecraft:walk_under_water_one_cm":35628,"minecraft:jump":3234,"minecraft:interact_with_blast_furnace":26,"minecraft:walk_on_water_one_cm":25809,"minecraft:total_world_time":164963,"minecraft:interact_with_furnace":57,"minecraft:sleep_in_bed":5,"minecraft:time_since_rest":31270,"minecraft:damage_taken":5239,"minecraft:damage_dealt":4099,"minecraft:player_kills":1,"minecraft:swim_one_cm":34999,"minecraft:fly_one_cm":371162,"minecraft:open_chest":62,"minecraft:crouch_one_cm":39456,"minecraft:interact_with_smoker":11,"minecraft:fall_one_cm":52236},"minecraft:crafted":{"minecraft:cherry_planks":188,"minecraft:wooden_sword":2,"minecraft:oak_planks":138,"minecraft:furnace":2,"minecraft:flint_and_steel":1,"minecraft:iron_boots":1,"minecraft:stone_pickaxe":2,"minecraft:chest":3,"minecraft:wheat":108,"minecraft:cooked_beef":14,"minecraft:cooked_porkchop":3,"minecraft:crafting_table":4,"minecraft:iron_helmet":1,"minecraft:wooden_pickaxe":3,"minecraft:baked_potato":44,"minecraft:iron_sword":1,"minecraft:copper_ingot":213,"minecraft:stone_axe":1,"minecraft:bread":36,"minecraft:air":0,"minecraft:iron_chestplate":1,"minecraft:charcoal":2,"minecraft:shield":1,"minecraft:stick":52,"minecraft:iron_pickaxe":4,"minecraft:iron_ingot":24,"minecraft:wooden_axe":3,"minecraft:stone_sword":1,"minecraft:gold_ingot":6,"minecraft:iron_leggings":1,"minecraft:torch":64},"minecraft:used":{"minecraft:peony":1,"minecraft:moss_carpet":3,"minecraft:stone_sword":30,"minecraft:flint_and_steel":1,"minecraft:chest":3,"minecraft:shield":38,"minecraft:iron_sword":8,"minecraft:cooked_chicken":5,"minecraft:iron_chestplate":1,"minecraft:torch":59,"minecraft:dirt":5,"minecraft:carrot":4,"minecraft:wooden_axe":100,"minecraft:iron_boots":1,"minecraft:iron_helmet":1,"minecraft:magma_block":2,"minecraft:bow":17,"minecraft:beef":1,"minecraft:mangrove_roots":5,"minecraft:furnace":2,"minecraft:egg":1,"minecraft:cooked_beef":2,"minecraft:iron_leggings":1,"minecraft:calcite":30,"minecraft:cooked_mutton":2,"minecraft:water_bucket":1,"projectvibrantjourneys:light_brown_bark_mushroom":2,"minecraft:stone_pickaxe":132,"minecraft:oak_planks":3,"minecraft:wooden_pickaxe":74,"minecraft:gold_ore":3,"minecraft:glow_berries":10,"minecraft:crafting_table":6,"minecraft:white_bed":5,"minecraft:chicken":1,"minecraft:bread":10,"minecraft:iron_pickaxe":590,"minecraft:diamond_ore":1,"minecraft:wooden_sword":42,"minecraft:cobblestone":214,"minecraft:cooked_porkchop":3,"minecraft:porkchop":4,"minecraft:bucket":2,"alexsmobs:animal_dictionary":1,"minecraft:coarse_dirt":2,"minecraft:moss_block":1},"minecraft:broken":{"minecraft:wooden_pickaxe":1,"minecraft:stone_pickaxe":1,"minecraft:iron_pickaxe":2},"minecraft:dropped":{"minecraft:brown_mushroom":3,"minecraft:birch_planks":1,"minecraft:wheat_seeds":19,"minecraft:cobblestone":65,"minecraft:stick":9,"minecraft:diorite":1,"minecraft:torch":60,"projectvibrantjourneys:fallen_leaves":1,"minecraft:wooden_axe":1,"minecraft:white_wool":9,"minecraft:dandelion":1,"minecraft:gravel":1,"minecraft:coarse_dirt":2,"minecraft:stone_sword":1,"minecraft:rotten_flesh":4,"minecraft:oak_planks":5,"projectvibrantjourneys:light_brown_bark_mushroom":1,"minecraft:beef":5,"minecraft:egg":1},"minecraft:mined":{"create:zinc_ore":21,"minecraft:diamond_ore":1,"minecraft:white_bed":4,"minecraft:deepslate_diamond_ore":1,"minecraft:cherry_log":48,"farmersdelight:wild_carrots":10,"minecraft:mangrove_roots":5,"projectvibrantjourneys:rocks":1,"psg:sulphur_ore":11,"minecraft:glow_lichen":1,"minecraft:grass_block":4,"minecraft:moss_block":4,"minecraft:hay_block":12,"minecraft:magma_block":9,"minecraft:iron_ore":32,"minecraft:fire":1,"projectvibrantjourneys:bark_mushroom":1,"minecraft:moss_carpet":3,"minecraft:deepslate_lapis_ore":6,"minecraft:peony":1,"minecraft:cave_vines":7,"minecraft:deepslate_iron_ore":4,"minecraft:vine":3,"minecraft:blue_orchid":1,"minecraft:stone":164,"minecraft:brown_mushroom":1,"minecraft:hanging_roots":1,"psg:potassium_ore":4,"minecraft:dandelion":1,"minecraft:crafting_table":4,"minecraft:calcite":33,"projectvibrantjourneys:natural_cobweb":1,"minecraft:copper_ore":26,"minecraft:cobblestone":141,"minecraft:tall_grass":33,"minecraft:deepslate_coal_ore":1,"minecraft:lapis_ore":8,"minecraft:green_stained_glass_pane":1,"projectvibrantjourneys:fallen_leaves":1,"minecraft:diorite":1,"minecraft:wall_torch":2,"minecraft:cauldron":2,"projectvibrantjourneys:light_brown_bark_mushroom":1,"minecraft:coarse_dirt":3,"minecraft:mud":1,"minecraft:sweet_berry_bush":1,"minecraft:birch_leaves":1,"minecraft:mangrove_leaves":5,"k_turrets:titanium_ore":2,"minecraft:grass":47,"minecraft:coal_ore":291,"minecraft:oak_log":29,"projectvibrantjourneys:short_grass":38,"minecraft:cherry_leaves":2,"minecraft:gravel":2,"minecraft:dirt":4,"minecraft:cobweb":1,"minecraft:gold_ore":12,"minecraft:deepslate":7,"minecraft:oak_leaves":2,"projectvibrantjourneys:oak_hollow_log":11},"minecraft:picked_up":{"minecraft:wooden_axe":1,"minecraft:iron_chestplate":2,"minecraft:mud":1,"minecraft:crafting_table":3,"minecraft:coarse_dirt":5,"minecraft:chicken":5,"minecraft:brown_mushroom":6,"minecraft:wooden_pickaxe":1,"minecraft:shield":2,"minecraft:string":3,"minecraft:moss_carpet":9,"minecraft:raw_copper":186,"minecraft:cooked_salmon":2,"minecraft:wooden_sword":2,"minecraft:flint_and_steel":1,"minecraft:iron_leggings":2,"tacz:ammo":90,"minecraft:blue_orchid":1,"minecraft:cobbled_deepslate":11,"minecraft:beef":28,"minecraft:calcite":33,"minecraft:iron_pickaxe":1,"minecraft:iron_boots":1,"minecraft:egg":4,"minecraft:stick":15,"minecraft:raw_iron":36,"projectvibrantjourneys:bark_mushroom":2,"minecraft:torch":125,"minecraft:porkchop":20,"pointblank:gunmetal_nugget":25,"psg:sulphur":124,"minecraft:cherry_log":47,"minecraft:diorite":1,"minecraft:carrot":11,"minecraft:cauldron":2,"minecraft:arrow":37,"minecraft:stone_sword":5,"minecraft:rotten_flesh":13,"minecraft:peony":1,"k_turrets:raw_titanium":4,"minecraft:hay_block":12,"minecraft:mangrove_roots":5,"minecraft:glow_berries":4,"minecraft:mutton":2,"minecraft:cobblestone":560,"minecraft:white_wool":1,"minecraft:magma_block":16,"minecraft:feather":6,"minecraft:cooked_beef":1,"minecraft:water_bucket":1,"minecraft:andesite":9,"projectvibrantjourneys:fallen_leaves":1,"minecraft:leather":15,"minecraft:red_mushroom":1,"minecraft:birch_planks":1,"minecraft:flint":1,"create:raw_zinc":42,"minecraft:tuff":16,"minecraft:oak_log":29,"minecraft:gunpowder":1,"projectvibrantjourneys:oak_hollow_log":11,"minecraft:lapis_lazuli":161,"minecraft:dirt":10,"psg:potassium":6,"minecraft:cooked_mutton":4,"minecraft:leather_boots":1,"minecraft:bone":3,"minecraft:bow":1,"minecraft:wheat_seeds":48,"minecraft:raw_gold":15,"minecraft:cooked_chicken":7,"minecraft:stone_pickaxe":2,"minecraft:moss_block":13,"minecraft:oak_planks":27,"projectvibrantjourneys:light_brown_bark_mushroom":6,"minecraft:sweet_berries":40,"psg:raw_potassium":16,"minecraft:dandelion":1,"minecraft:gravel":2,"minecraft:white_bed":5,"minecraft:spider_eye":1,"alexsmobs:animal_dictionary":1,"minecraft:mossy_cobblestone":6,"minecraft:diamond":2,"tacz:modern_kinetic_gun":1,"minecraft:iron_helmet":1,"minecraft:bread":29,"minecraft:baked_potato":44,"minecraft:oak_sapling":15,"minecraft:coal":617,"minecraft:mangrove_propagule":1},"minecraft:killed":{"hordes:zombie_player":8,"minecraft:spider":1,"minecraft:phantom":1,"minecraft:skeleton":1,"minecraft:chicken":5,"minecraft:pig":8,"minecraft:zombie":5,"minecraft:cow":2},"minecraft:killed_by":{"minecraft:player":2,"minecraft:creeper":1,"hordes:zombie_player":4,"minecraft:drowned":1,"alexsmobs:murmur_head":1,"minecraft:skeleton":1,"minecraft:zombie":3,"alexsmobs:grizzly_bear":1}},"DataVersion":3465}