{"stats":{"minecraft:custom":{"minecraft:time_since_rest":3853,"minecraft:crouch_one_cm":141,"minecraft:play_time":3853,"minecraft:sprint_one_cm":1676,"minecraft:walk_one_cm":14774,"minecraft:sneak_time":19,"minecraft:jump":18,"minecraft:time_since_death":3853,"minecraft:total_world_time":3853,"minecraft:interact_with_crafting_table":1,"minecraft:fall_one_cm":209,"minecraft:fly_one_cm":1541},"minecraft:picked_up":{"minecraft:mud":1,"projectvibrantjourneys:bark_mushroom":1,"minecraft:wheat_seeds":2,"minecraft:red_mushroom":1,"minecraft:oak_log":1,"minecraft:mangrove_roots":3,"minecraft:oak_sapling":12,"projectvibrantjourneys:oak_hollow_log":5,"minecraft:mangrove_propagule":1,"minecraft:cobblestone":27,"minecraft:moss_carpet":5},"minecraft:crafted":{"minecraft:oak_planks":10,"minecraft:stick":4,"minecraft:wooden_pickaxe":1},"minecraft:used":{"minecraft:wooden_sword":1,"minecraft:wooden_pickaxe":28},"minecraft:mined":{"minecraft:grass":2,"minecraft:oak_log":1,"projectvibrantjourneys:short_grass":8,"minecraft:mud":1,"minecraft:stone":28,"projectvibrantjourneys:bark_mushroom":1,"minecraft:mangrove_roots":3,"projectvibrantjourneys:oak_hollow_log":5}},"DataVersion":3465}