{"stats":{"minecraft:used":{"minecraft:peony":1,"minecraft:moss_block":1,"minecraft:moss_carpet":3,"minecraft:chest":7,"minecraft:shield":53,"minecraft:iron_sword":54,"minecraft:iron_chestplate":1,"minecraft:mutton":7,"minecraft:carrot":4,"minecraft:spruce_boat":1,"minecraft:iron_helmet":1,"minecraft:magma_block":2,"minecraft:bow":17,"minecraft:sweet_berries":5,"minecraft:mangrove_roots":5,"minecraft:furnace":2,"minecraft:egg":1,"projectvibrantjourneys:light_brown_bark_mushroom":2,"minecraft:stone_pickaxe":132,"minecraft:oak_planks":4,"minecraft:wooden_pickaxe":74,"minecraft:blue_bed":3,"minecraft:glow_berries":10,"minecraft:bread":27,"minecraft:diamond_ore":1,"minecraft:wooden_sword":42,"minecraft:grindstone":1,"minecraft:coarse_dirt":2,"minecraft:cherry_boat":1,"minecraft:azalea":2,"minecraft:stone_sword":30,"minecraft:flint_and_steel":4,"minecraft:spruce_planks":11,"minecraft:cooked_chicken":5,"minecraft:torch":59,"minecraft:dirt":22,"minecraft:wooden_axe":123,"minecraft:iron_boots":1,"minecraft:beef":1,"minecraft:cooked_beef":2,"minecraft:iron_leggings":1,"minecraft:calcite":30,"minecraft:wheat_seeds":16,"minecraft:cooked_mutton":2,"minecraft:water_bucket":11,"minecraft:baked_potato":1,"minecraft:cartography_table":1,"minecraft:fletching_table":6,"minecraft:gold_ore":3,"minecraft:mossy_cobblestone":1,"minecraft:crafting_table":12,"minecraft:red_bed":1,"minecraft:white_bed":6,"minecraft:chicken":1,"minecraft:iron_pickaxe":702,"minecraft:spruce_trapdoor":1,"minecraft:spruce_sapling":1,"minecraft:stone_axe":61,"minecraft:cobblestone":361,"minecraft:cooked_porkchop":3,"minecraft:porkchop":4,"minecraft:bucket":12,"alexsmobs:animal_dictionary":1,"minecraft:purple_carpet":2},"minecraft:killed":{"minecraft:spider":1,"minecraft:skeleton":1,"minecraft:chicken":5,"minecraft:pig":8,"alexsmobs:grizzly_bear":1,"minecraft:sheep":4,"minecraft:zombie":8,"minecraft:cow":2,"hordes:zombie_player":10,"minecraft:phantom":1},"minecraft:picked_up":{"minecraft:wooden_axe":1,"minecraft:iron_chestplate":2,"minecraft:wheat":10,"minecraft:smithing_table":1,"minecraft:string":6,"minecraft:raw_copper":186,"minecraft:cooked_salmon":2,"minecraft:iron_leggings":2,"minecraft:cherry_boat":1,"minecraft:cobbled_deepslate":11,"minecraft:spruce_planks":16,"minecraft:calcite":33,"minecraft:azalea":2,"minecraft:iron_pickaxe":1,"minecraft:iron_boots":1,"minecraft:stick":16,"minecraft:torch":126,"minecraft:porkchop":20,"psg:sulphur":124,"minecraft:cherry_log":68,"minecraft:diorite":1,"minecraft:cauldron":2,"minecraft:stone_sword":5,"minecraft:rotten_flesh":17,"minecraft:mangrove_roots":5,"minecraft:cobblestone":647,"minecraft:pink_petals":13,"minecraft:magma_block":16,"minecraft:feather":6,"minecraft:cooked_beef":1,"minecraft:water_bucket":1,"minecraft:andesite":9,"projectvibrantjourneys:fallen_leaves":1,"alexsmobs:bear_fur":2,"minecraft:flint":1,"create:raw_zinc":42,"minecraft:tuff":16,"projectvibrantjourneys:rocks":1,"projectvibrantjourneys:oak_hollow_log":11,"minecraft:dirt":27,"minecraft:lapis_lazuli":161,"psg:potassium":6,"minecraft:leather_boots":1,"minecraft:purple_carpet":4,"minecraft:bone":4,"minecraft:bow":1,"minecraft:wheat_seeds":90,"minecraft:raw_gold":15,"minecraft:grindstone":1,"minecraft:fletching_table":5,"minecraft:bamboo":41,"minecraft:moss_block":13,"minecraft:oak_planks":28,"psg:raw_potassium":16,"alexsmobs:animal_dictionary":1,"minecraft:mossy_cobblestone":7,"minecraft:diamond":2,"minecraft:bread":29,"minecraft:oak_sapling":15,"minecraft:mud":1,"minecraft:crafting_table":5,"minecraft:coarse_dirt":5,"minecraft:chicken":5,"minecraft:brown_mushroom":6,"minecraft:wooden_pickaxe":1,"minecraft:shield":2,"minecraft:moss_carpet":9,"minecraft:wooden_sword":2,"minecraft:flint_and_steel":1,"tacz:ammo":90,"minecraft:blue_orchid":1,"minecraft:cartography_table":1,"minecraft:beef":28,"minecraft:chest":2,"minecraft:spruce_trapdoor":1,"minecraft:egg":4,"minecraft:raw_iron":36,"projectvibrantjourneys:bark_mushroom":3,"pointblank:gunmetal_nugget":35,"minecraft:carrot":11,"minecraft:arrow":37,"minecraft:peony":1,"k_turrets:raw_titanium":12,"minecraft:hay_block":12,"minecraft:glow_berries":4,"minecraft:mutton":9,"minecraft:white_wool":4,"minecraft:leather":15,"minecraft:red_mushroom":1,"minecraft:birch_planks":1,"minecraft:oak_log":30,"minecraft:lily_pad":3,"minecraft:gunpowder":2,"minecraft:blue_bed":4,"minecraft:cooked_mutton":4,"minecraft:iron_ingot":1,"minecraft:stone_pickaxe":2,"minecraft:cooked_chicken":7,"minecraft:book":18,"projectvibrantjourneys:light_brown_bark_mushroom":6,"minecraft:sweet_berries":68,"minecraft:dandelion":2,"minecraft:gravel":2,"minecraft:spruce_sapling":1,"minecraft:white_bed":6,"minecraft:spruce_log":30,"minecraft:spider_eye":2,"tacz:modern_kinetic_gun":1,"minecraft:iron_helmet":1,"minecraft:cherry_sapling":10,"minecraft:gray_wool":1,"minecraft:baked_potato":44,"projectvibrantjourneys:orange_bark_mushroom":3,"minecraft:coal":628,"minecraft:mangrove_propagule":1,"minecraft:ender_pearl":1},"minecraft:broken":{"minecraft:stone_pickaxe":1,"minecraft:wooden_pickaxe":1,"minecraft:shield":1,"minecraft:iron_pickaxe":2},"minecraft:custom":{"minecraft:interact_with_crafting_table":72,"minecraft:open_barrel":7,"minecraft:leave_game":5,"minecraft:time_since_death":17350,"minecraft:sprint_one_cm":439775,"minecraft:damage_blocked_by_shield":3787,"minecraft:drop":39,"minecraft:talked_to_villager":39,"minecraft:play_time":268139,"minecraft:deaths":24,"minecraft:jump":4671,"minecraft:walk_on_water_one_cm":41703,"minecraft:interact_with_furnace":64,"minecraft:traded_with_villager":5,"minecraft:interact_with_cartography_table":3,"minecraft:sleep_in_bed":10,"minecraft:damage_dealt":6242,"minecraft:player_kills":2,"minecraft:crouch_one_cm":50436,"minecraft:interact_with_smoker":11,"minecraft:interact_with_smithing_table":1,"minecraft:mob_kills":41,"minecraft:damage_dealt_resisted":600,"minecraft:climb_one_cm":11604,"minecraft:walk_one_cm":989403,"minecraft:sneak_time":17807,"minecraft:walk_under_water_one_cm":49069,"minecraft:boat_one_cm":69071,"minecraft:interact_with_blast_furnace":28,"minecraft:total_world_time":268139,"minecraft:time_since_rest":17374,"minecraft:damage_taken":8218,"minecraft:swim_one_cm":103738,"minecraft:fly_one_cm":566306,"minecraft:open_chest":121,"minecraft:fall_one_cm":89224},"minecraft:killed_by":{"minecraft:creeper":1,"minecraft:drowned":1,"alexsmobs:murmur_head":1,"minecraft:zombie":8,"alexsmobs:grizzly_bear":1,"minecraft:player":3,"hordes:zombie_player":5,"minecraft:skeleton":1},"minecraft:crafted":{"minecraft:oak_planks":142,"minecraft:cherry_boat":1,"minecraft:iron_boots":1,"minecraft:chest":5,"minecraft:emerald":5,"minecraft:cooked_porkchop":3,"minecraft:crafting_table":9,"minecraft:spruce_planks":120,"minecraft:wooden_pickaxe":3,"minecraft:baked_potato":44,"minecraft:iron_helmet":1,"minecraft:copper_ingot":213,"minecraft:iron_chestplate":1,"minecraft:charcoal":2,"minecraft:shield":2,"minecraft:stick":212,"minecraft:iron_ingot":28,"minecraft:iron_pickaxe":4,"minecraft:stone_sword":1,"minecraft:gold_ingot":12,"minecraft:shears":1,"minecraft:cherry_planks":272,"minecraft:wooden_sword":3,"minecraft:furnace":2,"minecraft:flint_and_steel":1,"minecraft:stone_pickaxe":2,"minecraft:spruce_boat":1,"minecraft:wheat":108,"minecraft:cooked_beef":14,"max_armory:handle":1,"minecraft:iron_sword":1,"minecraft:stone_axe":2,"minecraft:bread":39,"minecraft:air":0,"minecraft:wooden_axe":4,"minecraft:iron_leggings":1,"minecraft:white_bed":1,"minecraft:torch":64},"minecraft:mined":{"minecraft:spruce_planks":15,"minecraft:white_bed":5,"minecraft:cherry_log":69,"minecraft:spruce_trapdoor":2,"minecraft:grass_block":16,"minecraft:tall_seagrass":1,"minecraft:magma_block":9,"minecraft:iron_ore":32,"minecraft:fire":2,"projectvibrantjourneys:bark_mushroom":1,"minecraft:moss_carpet":3,"minecraft:deepslate_lapis_ore":6,"minecraft:fletching_table":6,"minecraft:cave_vines":7,"minecraft:flowering_azalea_leaves":3,"minecraft:purple_carpet":2,"minecraft:azalea_leaves":4,"minecraft:azalea":1,"minecraft:blue_orchid":1,"minecraft:brown_mushroom":1,"minecraft:calcite":33,"minecraft:chest":2,"projectvibrantjourneys:natural_cobweb":1,"minecraft:cobblestone":179,"projectvibrantjourneys:fallen_leaves":1,"minecraft:grindstone":2,"minecraft:wall_torch":3,"minecraft:cauldron":2,"minecraft:pink_petals":4,"projectvibrantjourneys:light_brown_bark_mushroom":1,"minecraft:mud":1,"minecraft:wheat":16,"minecraft:grass":57,"minecraft:oak_log":30,"projectvibrantjourneys:short_grass":58,"minecraft:dirt":13,"minecraft:oak_leaves":2,"minecraft:deepslate":7,"create:zinc_ore":21,"minecraft:diamond_ore":1,"minecraft:mossy_cobblestone":1,"minecraft:deepslate_diamond_ore":1,"farmersdelight:wild_carrots":10,"minecraft:mangrove_roots":5,"projectvibrantjourneys:rocks":1,"psg:sulphur_ore":11,"minecraft:glow_lichen":1,"minecraft:spruce_leaves":2,"minecraft:moss_block":4,"minecraft:cartography_table":1,"minecraft:hay_block":12,"projectvibrantjourneys:orange_bark_mushroom":1,"minecraft:peony":1,"minecraft:bookshelf":6,"minecraft:deepslate_iron_ore":4,"minecraft:vine":3,"minecraft:bamboo":4,"minecraft:stone":216,"minecraft:smithing_table":1,"minecraft:glass_pane":8,"minecraft:hanging_roots":1,"psg:potassium_ore":4,"minecraft:dandelion":1,"minecraft:crafting_table":6,"minecraft:stone_slab":2,"minecraft:tall_grass":34,"minecraft:copper_ore":26,"minecraft:deepslate_coal_ore":1,"minecraft:lapis_ore":8,"minecraft:green_stained_glass_pane":1,"minecraft:lily_pad":1,"minecraft:diorite":1,"minecraft:blue_bed":4,"minecraft:coarse_dirt":3,"minecraft:sweet_berry_bush":6,"minecraft:spruce_log":31,"minecraft:birch_leaves":1,"minecraft:mangrove_leaves":5,"k_turrets:titanium_ore":10,"minecraft:coal_ore":291,"minecraft:cherry_leaves":12,"minecraft:gravel":2,"minecraft:cobweb":2,"minecraft:gold_ore":12,"projectvibrantjourneys:oak_hollow_log":11},"minecraft:dropped":{"minecraft:brown_mushroom":3,"minecraft:birch_planks":1,"projectvibrantjourneys:orange_bark_mushroom":3,"projectvibrantjourneys:fallen_leaves":1,"minecraft:white_wool":9,"minecraft:gravel":1,"minecraft:wheat":1,"minecraft:rotten_flesh":9,"minecraft:oak_planks":5,"projectvibrantjourneys:light_brown_bark_mushroom":1,"minecraft:beef":5,"minecraft:purple_carpet":2,"minecraft:egg":1,"minecraft:wheat_seeds":43,"minecraft:cobblestone":66,"projectvibrantjourneys:rocks":1,"minecraft:stick":9,"minecraft:gray_wool":1,"minecraft:diorite":1,"minecraft:torch":60,"minecraft:wooden_axe":1,"minecraft:string":1,"minecraft:lily_pad":2,"minecraft:dandelion":1,"minecraft:coarse_dirt":2,"minecraft:stone_sword":1,"alexsmobs:bear_fur":2,"minecraft:spruce_planks":1,"minecraft:spider_eye":1}},"DataVersion":3465}