{"stats":{"minecraft:killed":{"hordes:zombie_player":1,"alexsmobs:raccoon":1,"minecraft:spider":1,"minecraft:chicken":2,"minecraft:pig":3,"alexsmobs:grizzly_bear":1,"minecraft:creeper":1,"alexsmobs:catfish":7,"minecraft:zombie":2,"ecologics:squirrel":1,"minecraft:wither_skeleton":5,"minecraft:cow":1},"minecraft:custom":{"minecraft:mob_kills":26,"minecraft:interact_with_crafting_table":64,"minecraft:damage_dealt_resisted":76,"minecraft:leave_game":2,"minecraft:time_since_death":26659,"minecraft:climb_one_cm":2721,"minecraft:sprint_one_cm":287997,"minecraft:walk_one_cm":406302,"minecraft:damage_blocked_by_shield":151,"minecraft:drop":51,"minecraft:talked_to_villager":4,"minecraft:play_time":176037,"minecraft:deaths":8,"minecraft:sneak_time":9209,"minecraft:walk_under_water_one_cm":29976,"minecraft:jump":1582,"minecraft:walk_on_water_one_cm":33323,"minecraft:total_world_time":176037,"minecraft:interact_with_furnace":46,"minecraft:sleep_in_bed":2,"minecraft:time_since_rest":2468,"minecraft:damage_taken":2820,"minecraft:damage_dealt":5180,"minecraft:swim_one_cm":14983,"minecraft:fly_one_cm":125970,"minecraft:open_chest":20,"minecraft:crouch_one_cm":17372,"minecraft:fall_one_cm":26507},"minecraft:picked_up":{"minecraft:mud":12,"minecraft:crafting_table":16,"minecraft:allium":1,"minecraft:chicken":4,"minecraft:brown_mushroom":18,"minecraft:oak_stairs":1,"minecraft:shield":2,"minecraft:string":2,"minecraft:moss_carpet":7,"minecraft:raw_copper":64,"minecraft:iron_leggings":1,"ecologics:walnut_sapling":1,"minecraft:gold_nugget":42,"minecraft:cobbled_deepslate":64,"minecraft:beef":3,"minecraft:white_tulip":1,"minecraft:iron_pickaxe":1,"minecraft:iron_boots":1,"minecraft:egg":3,"minecraft:raw_copper_block":8,"minecraft:furnace":1,"minecraft:stick":4,"minecraft:raw_iron":76,"minecraft:oak_door":1,"minecraft:torch":35,"minecraft:porkchop":11,"pointblank:gunmetal_nugget":11,"psg:sulphur":149,"minecraft:cherry_log":8,"marbledsarsenal:katana":1,"minecraft:pointed_dripstone":39,"minecraft:redstone":64,"minecraft:diamond_chestplate":1,"minecraft:rotten_flesh":10,"minecraft:peony":1,"create:ochrum":1,"k_turrets:raw_titanium":9,"minecraft:pink_tulip":1,"minecraft:gold_ingot":4,"minecraft:mangrove_roots":4,"minecraft:snowball":36,"minecraft:cobblestone":699,"minecraft:pink_petals":31,"ecologics:walnut":4,"minecraft:feather":1,"minecraft:cherry_planks":16,"projectvibrantjourneys:fallen_leaves":2,"minecraft:leather":2,"minecraft:red_mushroom":1,"alexsmobs:bear_fur":1,"minecraft:tuff":2,"create:raw_zinc":26,"minecraft:oak_log":41,"minecraft:yellow_bed":1,"minecraft:gunpowder":3,"projectvibrantjourneys:oak_hollow_log":8,"minecraft:lapis_lazuli":8,"minecraft:dirt":91,"marbledsarsenal:swat_armor_helmet":1,"minecraft:bone":28,"minecraft:apple":2,"minecraft:wheat_seeds":8,"minecraft:raw_gold":5,"minecraft:iron_ingot":4,"marbledsapi:steel_ingot":1,"minecraft:oak_planks":56,"projectvibrantjourneys:light_brown_bark_mushroom":3,"psg:raw_potassium":14,"minecraft:dripstone_block":36,"minecraft:gravel":2,"projectvibrantjourneys:bones":1,"alexsmobs:raw_catfish":24,"minecraft:slime_ball":1,"minecraft:diamond":12,"minecraft:stone_axe":1,"minecraft:iron_helmet":1,"minecraft:granite":3,"minecraft:coal":58,"minecraft:mangrove_propagule":2},"minecraft:crafted":{"minecraft:cherry_planks":32,"minecraft:wooden_sword":1,"minecraft:oak_planks":172,"minecraft:stone_shovel":1,"minecraft:cooked_chicken":2,"minecraft:furnace":5,"minecraft:raw_copper_block":6,"minecraft:iron_boots":1,"minecraft:ladder":6,"minecraft:stone_pickaxe":5,"minecraft:chest":3,"marbledsapi:steel_ingot":6,"alexsmobs:cooked_catfish":18,"marbledsarsenal:katana":1,"minecraft:oak_slab":18,"marbledsapi:steel_sheet":4,"minecraft:cooked_porkchop":7,"minecraft:crafting_table":4,"minecraft:wooden_pickaxe":2,"minecraft:iron_helmet":1,"minecraft:stone_axe":2,"marbledsarsenal:swat_armor_helmet":1,"minecraft:air":0,"minecraft:blue_dye":1,"marbledsapi:raw_steel":6,"minecraft:gold_nugget":9,"minecraft:shield":1,"minecraft:stick":60,"minecraft:iron_ingot":42,"minecraft:iron_pickaxe":2,"minecraft:wooden_axe":1,"minecraft:gold_ingot":5,"minecraft:iron_leggings":1,"minecraft:torch":60,"minecraft:diamond_chestplate":1},"minecraft:killed_by":{"minecraft:spider":1,"hordes:zombie_player":1,"minecraft:zombie":5},"minecraft:used":{"minecraft:stone_shovel":112,"minecraft:ladder":6,"minecraft:chest":2,"minecraft:shield":5,"minecraft:cooked_chicken":2,"minecraft:rotten_flesh":5,"minecraft:oak_door":1,"minecraft:torch":52,"create:ochrum":1,"minecraft:dirt":29,"minecraft:tuff":1,"minecraft:granite":1,"minecraft:wooden_axe":14,"minecraft:oak_stairs":1,"marbledsarsenal:katana":101,"minecraft:mangrove_roots":3,"minecraft:furnace":5,"ecologics:walnut":4,"minecraft:egg":1,"minecraft:cobbled_deepslate":57,"minecraft:pointed_dripstone":1,"alexsmobs:raw_catfish":1,"alexsmobs:cooked_catfish":14,"minecraft:stone_pickaxe":412,"minecraft:oak_planks":15,"minecraft:wooden_pickaxe":74,"minecraft:cherry_planks":48,"minecraft:crafting_table":18,"minecraft:oak_log":2,"minecraft:bread":2,"minecraft:iron_pickaxe":475,"minecraft:gravel":2,"minecraft:stone_axe":120,"minecraft:wooden_sword":20,"minecraft:cobblestone":342,"minecraft:cooked_porkchop":3,"minecraft:yellow_bed":1},"minecraft:broken":{"minecraft:wooden_pickaxe":1,"minecraft:stone_pickaxe":3,"minecraft:iron_pickaxe":1},"minecraft:mined":{"create:zinc_ore":12,"create:deepslate_zinc_ore":1,"minecraft:tuff":1,"minecraft:deepslate_diamond_ore":10,"minecraft:cherry_log":8,"minecraft:mangrove_roots":6,"projectvibrantjourneys:rocks":4,"psg:sulphur_ore":35,"minecraft:glow_lichen":1,"minecraft:granite":1,"minecraft:allium":1,"minecraft:grass_block":15,"create:ochrum":1,"minecraft:spruce_leaves":23,"minecraft:mangrove_propagule":1,"minecraft:tall_seagrass":4,"minecraft:furnace":1,"minecraft:snow":35,"minecraft:iron_ore":42,"minecraft:cobbled_deepslate":3,"minecraft:pointed_dripstone":25,"minecraft:dirt_path":1,"minecraft:deepslate_iron_ore":18,"minecraft:oak_stairs":1,"minecraft:pink_tulip":1,"minecraft:stone":562,"minecraft:deepslate_redstone_ore":7,"minecraft:brown_mushroom":6,"minecraft:glass_pane":3,"minecraft:cherry_planks":16,"psg:potassium_ore":4,"minecraft:crafting_table":16,"projectvibrantjourneys:twigs":1,"ecologics:walnut_leaves":25,"projectvibrantjourneys:mossy_rocks":2,"minecraft:tall_grass":28,"minecraft:copper_ore":21,"minecraft:cobblestone":33,"minecraft:deepslate_coal_ore":1,"minecraft:lapis_ore":2,"minecraft:deepslate_gold_ore":4,"minecraft:lily_pad":1,"projectvibrantjourneys:fallen_leaves":1,"minecraft:oak_planks":2,"minecraft:wall_torch":16,"minecraft:pink_petals":4,"minecraft:mud":13,"projectvibrantjourneys:bones":6,"minecraft:yellow_bed":1,"minecraft:grass":48,"k_turrets:titanium_ore":9,"minecraft:oak_log":43,"minecraft:coal_ore":42,"projectvibrantjourneys:short_grass":18,"minecraft:gravel":2,"minecraft:dripstone_block":18,"minecraft:dirt":80,"minecraft:raw_copper_block":1,"minecraft:gold_ore":1,"minecraft:oak_leaves":24,"projectvibrantjourneys:oak_hollow_log":9,"minecraft:deepslate":62},"minecraft:dropped":{"minecraft:wheat_seeds":2,"minecraft:feather":1,"minecraft:mangrove_propagule":2,"ecologics:walnut_sapling":1,"projectvibrantjourneys:bones":1,"minecraft:granite":2,"minecraft:coal":4,"minecraft:red_mushroom":1,"minecraft:dirt":8,"minecraft:torch":1,"projectvibrantjourneys:fallen_leaves":2,"minecraft:gold_nugget":35,"minecraft:mud":12,"minecraft:moss_carpet":7,"minecraft:cobbled_deepslate":7,"minecraft:tuff":1,"minecraft:pointed_dripstone":38,"minecraft:rotten_flesh":4,"minecraft:oak_planks":1,"alexsmobs:bear_fur":1}},"DataVersion":3465}