{"stats":{"minecraft:custom":{"minecraft:mob_kills":31,"minecraft:interact_with_crafting_table":65,"minecraft:damage_dealt_resisted":216,"minecraft:leave_game":3,"minecraft:time_since_death":3408,"minecraft:climb_one_cm":5807,"minecraft:sprint_one_cm":349632,"minecraft:walk_one_cm":530086,"minecraft:damage_blocked_by_shield":757,"minecraft:drop":51,"minecraft:talked_to_villager":4,"minecraft:play_time":191979,"minecraft:sneak_time":9594,"minecraft:deaths":12,"minecraft:walk_under_water_one_cm":29976,"minecraft:jump":1746,"minecraft:walk_on_water_one_cm":33323,"minecraft:total_world_time":191979,"minecraft:interact_with_furnace":50,"minecraft:sleep_in_bed":3,"minecraft:time_since_rest":2486,"minecraft:damage_taken":3905,"minecraft:damage_dealt":6921,"minecraft:swim_one_cm":14983,"minecraft:fly_one_cm":169082,"minecraft:open_chest":27,"minecraft:crouch_one_cm":17945,"minecraft:fall_one_cm":29402},"minecraft:used":{"minecraft:stone_shovel":115,"minecraft:ladder":6,"minecraft:chest":2,"minecraft:shield":18,"minecraft:cooked_chicken":2,"minecraft:rotten_flesh":5,"minecraft:oak_door":1,"minecraft:torch":52,"create:ochrum":1,"minecraft:dirt":33,"minecraft:carrot":7,"minecraft:tuff":1,"minecraft:granite":1,"minecraft:wooden_axe":14,"minecraft:oak_stairs":1,"minecraft:iron_boots":1,"marbledsarsenal:katana":214,"minecraft:diamond_chestplate":1,"minecraft:mangrove_roots":3,"minecraft:furnace":5,"ecologics:walnut":4,"minecraft:egg":1,"minecraft:cobbled_deepslate":57,"minecraft:pointed_dripstone":1,"alexsmobs:raw_catfish":1,"alexsmobs:cooked_catfish":14,"minecraft:stone_pickaxe":412,"minecraft:oak_planks":15,"minecraft:wooden_pickaxe":74,"minecraft:cherry_planks":48,"minecraft:crafting_table":18,"minecraft:oak_log":2,"minecraft:bread":2,"minecraft:iron_pickaxe":483,"minecraft:gravel":2,"minecraft:stone_axe":120,"minecraft:wooden_sword":20,"minecraft:cobblestone":342,"minecraft:cooked_porkchop":4,"minecraft:yellow_bed":1},"minecraft:crafted":{"minecraft:cherry_planks":32,"minecraft:wooden_sword":1,"minecraft:oak_planks":172,"minecraft:stone_shovel":1,"minecraft:cooked_chicken":2,"minecraft:furnace":5,"minecraft:raw_copper_block":6,"minecraft:iron_boots":1,"minecraft:ladder":6,"minecraft:stone_pickaxe":5,"minecraft:chest":3,"marbledsapi:steel_ingot":6,"alexsmobs:cooked_catfish":18,"marbledsarsenal:katana":1,"minecraft:oak_slab":18,"marbledsapi:steel_sheet":4,"minecraft:cooked_porkchop":7,"minecraft:crafting_table":4,"minecraft:wooden_pickaxe":2,"minecraft:iron_helmet":1,"minecraft:stone_axe":2,"marbledsarsenal:swat_armor_helmet":1,"minecraft:air":0,"minecraft:blue_dye":1,"marbledsapi:raw_steel":6,"minecraft:gold_nugget":9,"minecraft:shield":2,"minecraft:stick":60,"minecraft:iron_ingot":44,"minecraft:iron_pickaxe":2,"minecraft:wooden_axe":1,"minecraft:iron_leggings":1,"minecraft:gold_ingot":5,"minecraft:torch":60,"minecraft:diamond_chestplate":1},"minecraft:broken":{"minecraft:wooden_pickaxe":1,"minecraft:stone_pickaxe":3,"minecraft:iron_pickaxe":1},"minecraft:dropped":{"minecraft:wheat_seeds":2,"minecraft:mangrove_propagule":2,"minecraft:feather":1,"ecologics:walnut_sapling":1,"projectvibrantjourneys:bones":1,"minecraft:granite":2,"minecraft:coal":4,"minecraft:red_mushroom":1,"minecraft:dirt":8,"minecraft:torch":1,"projectvibrantjourneys:fallen_leaves":2,"minecraft:gold_nugget":35,"minecraft:mud":12,"minecraft:moss_carpet":7,"minecraft:cobbled_deepslate":7,"minecraft:tuff":1,"minecraft:pointed_dripstone":38,"minecraft:rotten_flesh":4,"minecraft:oak_planks":1,"alexsmobs:bear_fur":1},"minecraft:mined":{"create:zinc_ore":12,"create:deepslate_zinc_ore":1,"minecraft:tuff":1,"minecraft:deepslate_diamond_ore":10,"minecraft:cherry_log":8,"minecraft:mangrove_roots":6,"projectvibrantjourneys:rocks":4,"minecraft:glow_lichen":1,"psg:sulphur_ore":35,"minecraft:granite":1,"minecraft:allium":1,"minecraft:grass_block":16,"create:ochrum":1,"minecraft:spruce_leaves":23,"minecraft:mangrove_propagule":1,"minecraft:tall_seagrass":4,"minecraft:furnace":1,"minecraft:carrots":6,"minecraft:iron_ore":42,"minecraft:cobbled_deepslate":3,"minecraft:snow":35,"minecraft:pointed_dripstone":25,"minecraft:dirt_path":1,"minecraft:deepslate_iron_ore":18,"minecraft:oak_stairs":1,"minecraft:pink_tulip":1,"minecraft:stone":569,"projectvibrantjourneys:cattail":4,"minecraft:deepslate_redstone_ore":7,"minecraft:brown_mushroom":6,"minecraft:glass_pane":3,"minecraft:cherry_planks":16,"psg:potassium_ore":4,"minecraft:crafting_table":16,"projectvibrantjourneys:twigs":1,"ecologics:walnut_leaves":25,"projectvibrantjourneys:mossy_rocks":2,"minecraft:copper_ore":21,"minecraft:tall_grass":54,"minecraft:cobblestone":33,"minecraft:deepslate_coal_ore":1,"minecraft:deepslate_gold_ore":4,"minecraft:lapis_ore":2,"minecraft:lily_pad":1,"projectvibrantjourneys:fallen_leaves":1,"minecraft:oak_planks":2,"minecraft:wall_torch":16,"minecraft:pink_petals":4,"minecraft:mud":13,"projectvibrantjourneys:bones":6,"minecraft:bee_nest":1,"minecraft:yellow_bed":1,"k_turrets:titanium_ore":9,"minecraft:grass":77,"minecraft:oak_log":43,"minecraft:coal_ore":42,"projectvibrantjourneys:short_grass":24,"minecraft:gravel":2,"minecraft:dripstone_block":18,"minecraft:dirt":85,"minecraft:raw_copper_block":1,"minecraft:gold_ore":1,"projectvibrantjourneys:oak_hollow_log":9,"minecraft:oak_leaves":24,"minecraft:deepslate":62},"minecraft:picked_up":{"minecraft:mud":12,"minecraft:crafting_table":20,"minecraft:allium":1,"minecraft:chicken":4,"minecraft:brown_mushroom":18,"minecraft:oak_stairs":1,"minecraft:shield":4,"alexsmobs:cooked_catfish":16,"minecraft:string":6,"minecraft:moss_carpet":7,"minecraft:raw_copper":64,"minecraft:iron_leggings":4,"ecologics:walnut_sapling":1,"minecraft:cobbled_deepslate":64,"minecraft:gold_nugget":42,"minecraft:beef":3,"minecraft:white_tulip":2,"minecraft:iron_pickaxe":5,"minecraft:chest":3,"minecraft:furnace":1,"minecraft:raw_copper_block":8,"minecraft:iron_boots":5,"minecraft:egg":3,"minecraft:stick":13,"minecraft:raw_iron":76,"minecraft:oak_door":1,"minecraft:torch":47,"pointblank:gunmetal_nugget":32,"minecraft:porkchop":11,"psg:sulphur":149,"minecraft:cherry_log":8,"marbledsarsenal:katana":5,"minecraft:pointed_dripstone":39,"minecraft:carrot":28,"minecraft:redstone":64,"minecraft:stone_shovel":4,"minecraft:rotten_flesh":10,"minecraft:diamond_chestplate":5,"minecraft:peony":2,"create:ochrum":1,"k_turrets:raw_titanium":9,"minecraft:pink_tulip":2,"projectvibrantjourneys:cattail":12,"minecraft:mangrove_roots":4,"minecraft:gold_ingot":16,"minecraft:snowball":72,"minecraft:cobblestone":980,"minecraft:pink_petals":68,"ecologics:walnut":4,"minecraft:feather":1,"minecraft:cherry_planks":16,"projectvibrantjourneys:fallen_leaves":2,"minecraft:leather":2,"minecraft:red_mushroom":1,"alexsmobs:bear_fur":1,"minecraft:tuff":2,"create:raw_zinc":26,"minecraft:oak_log":41,"minecraft:yellow_bed":1,"minecraft:gunpowder":4,"projectvibrantjourneys:oak_hollow_log":8,"minecraft:lapis_lazuli":8,"minecraft:dirt":256,"marbledsarsenal:swat_armor_helmet":4,"minecraft:bone":30,"minecraft:apple":6,"minecraft:wheat_seeds":18,"minecraft:raw_gold":5,"minecraft:iron_ingot":7,"marbledsapi:steel_ingot":1,"minecraft:oak_planks":252,"projectvibrantjourneys:light_brown_bark_mushroom":3,"minecraft:cooked_porkchop":5,"psg:raw_potassium":14,"minecraft:dripstone_block":36,"minecraft:gravel":2,"projectvibrantjourneys:bones":1,"alexsmobs:raw_catfish":24,"minecraft:slime_ball":1,"minecraft:diamond":20,"minecraft:stone_axe":4,"minecraft:iron_helmet":1,"minecraft:granite":3,"minecraft:mangrove_propagule":2,"minecraft:coal":98},"minecraft:killed_by":{"minecraft:spider":1,"hordes:zombie_player":2,"alexsmobs:tiger":2,"minecraft:zombie":5},"minecraft:killed":{"hordes:zombie_player":5,"alexsmobs:tiger":1,"alexsmobs:raccoon":1,"minecraft:spider":1,"minecraft:chicken":2,"minecraft:pig":3,"alexsmobs:grizzly_bear":1,"minecraft:creeper":1,"alexsmobs:catfish":7,"minecraft:zombie":2,"ecologics:squirrel":1,"minecraft:wither_skeleton":5,"minecraft:cow":1}},"DataVersion":3465}