{"stats":{"minecraft:killed":{"minecraft:pig":1,"minecraft:zombie":1,"ecologics:squirrel":1,"minecraft:wither_skeleton":3,"minecraft:cow":1},"minecraft:custom":{"minecraft:interact_with_furnace":10,"minecraft:mob_kills":7,"minecraft:interact_with_crafting_table":13,"minecraft:damage_dealt_resisted":71,"minecraft:leave_game":2,"minecraft:time_since_death":47827,"minecraft:climb_one_cm":1054,"minecraft:time_since_rest":47935,"minecraft:sprint_one_cm":111700,"minecraft:damage_taken":1659,"minecraft:walk_one_cm":184800,"minecraft:damage_blocked_by_shield":136,"minecraft:drop":1,"minecraft:damage_dealt":1541,"minecraft:swim_one_cm":8107,"minecraft:fly_one_cm":50786,"minecraft:crouch_one_cm":6768,"minecraft:play_time":74037,"minecraft:deaths":5,"minecraft:sneak_time":5423,"minecraft:walk_under_water_one_cm":9646,"minecraft:jump":686,"minecraft:walk_on_water_one_cm":10360,"minecraft:total_world_time":74037,"minecraft:fall_one_cm":17370},"minecraft:picked_up":{"minecraft:allium":1,"minecraft:crafting_table":5,"minecraft:leather":2,"create:raw_zinc":13,"minecraft:oak_log":16,"minecraft:gunpowder":2,"minecraft:lapis_lazuli":7,"minecraft:dirt":16,"minecraft:raw_copper":59,"minecraft:bone":8,"minecraft:cobbled_deepslate":38,"minecraft:wheat_seeds":1,"minecraft:raw_gold":5,"minecraft:beef":3,"minecraft:raw_copper_block":1,"minecraft:furnace":1,"projectvibrantjourneys:light_brown_bark_mushroom":1,"minecraft:stick":1,"minecraft:raw_iron":48,"psg:raw_potassium":14,"minecraft:gravel":2,"minecraft:torch":7,"projectvibrantjourneys:bones":1,"minecraft:dripstone_block":13,"pointblank:gunmetal_nugget":4,"minecraft:porkchop":3,"psg:sulphur":144,"minecraft:pointed_dripstone":19,"minecraft:redstone":19,"minecraft:rotten_flesh":6,"minecraft:slime_ball":1,"k_turrets:raw_titanium":9,"minecraft:granite":1,"minecraft:mangrove_roots":4,"minecraft:coal":39,"minecraft:cobblestone":394},"minecraft:crafted":{"minecraft:wooden_sword":1,"minecraft:oak_slab":6,"minecraft:oak_planks":56,"minecraft:cooked_porkchop":3,"minecraft:crafting_table":2,"minecraft:wooden_pickaxe":2,"minecraft:furnace":2,"minecraft:stone_axe":2,"minecraft:air":0,"minecraft:iron_boots":1,"minecraft:stick":28,"minecraft:iron_ingot":9,"minecraft:iron_pickaxe":1,"minecraft:stone_pickaxe":5,"minecraft:wooden_axe":1,"minecraft:torch":20},"minecraft:killed_by":{"minecraft:spider":1,"minecraft:zombie":3,"hordes:zombie_player":1},"minecraft:used":{"minecraft:stone_pickaxe":412,"minecraft:shield":4,"minecraft:wooden_pickaxe":74,"minecraft:rotten_flesh":3,"minecraft:torch":22,"minecraft:dirt":16,"minecraft:crafting_table":6,"minecraft:oak_log":2,"minecraft:wooden_axe":14,"minecraft:bread":2,"minecraft:iron_pickaxe":187,"minecraft:gravel":2,"minecraft:stone_axe":30,"minecraft:wooden_sword":20,"minecraft:cobblestone":167,"minecraft:mangrove_roots":2,"minecraft:furnace":2,"minecraft:cooked_porkchop":1,"minecraft:cobbled_deepslate":4},"minecraft:broken":{"minecraft:stone_pickaxe":3,"minecraft:wooden_pickaxe":1},"minecraft:mined":{"create:zinc_ore":12,"minecraft:deepslate_redstone_ore":4,"create:deepslate_zinc_ore":1,"psg:potassium_ore":4,"minecraft:mangrove_roots":6,"projectvibrantjourneys:rocks":2,"psg:sulphur_ore":34,"minecraft:crafting_table":5,"minecraft:glow_lichen":1,"minecraft:granite":1,"projectvibrantjourneys:twigs":1,"minecraft:allium":1,"projectvibrantjourneys:mossy_rocks":2,"minecraft:copper_ore":21,"minecraft:tall_grass":12,"minecraft:cobblestone":16,"minecraft:deepslate_coal_ore":1,"minecraft:deepslate_gold_ore":4,"minecraft:lapis_ore":2,"minecraft:wall_torch":7,"minecraft:furnace":1,"minecraft:mud":1,"minecraft:iron_ore":42,"projectvibrantjourneys:bones":4,"k_turrets:titanium_ore":9,"minecraft:grass":11,"minecraft:pointed_dripstone":12,"minecraft:coal_ore":38,"minecraft:oak_log":17,"minecraft:deepslate_iron_ore":7,"projectvibrantjourneys:short_grass":4,"minecraft:gravel":2,"minecraft:dripstone_block":13,"minecraft:dirt":21,"minecraft:raw_copper_block":1,"minecraft:stone":392,"minecraft:gold_ore":1,"minecraft:deepslate":39,"minecraft:oak_leaves":3},"minecraft:dropped":{"minecraft:torch":1}},"DataVersion":3465}