{"stats":{"minecraft:used":{"minecraft:beetroot":1,"minecraft:stone_shovel":150,"minecraft:ladder":6,"tacz:gun_smith_table":2,"minecraft:chest":5,"minecraft:shield":18,"minecraft:cooked_chicken":2,"minecraft:rotten_flesh":5,"minecraft:oak_door":3,"minecraft:torch":57,"create:ochrum":1,"minecraft:dirt":45,"minecraft:carrot":17,"minecraft:tuff":1,"minecraft:granite":1,"minecraft:wooden_axe":14,"minecraft:oak_stairs":1,"minecraft:iron_boots":1,"marbledsarsenal:katana":250,"minecraft:diamond_chestplate":1,"minecraft:mangrove_roots":3,"minecraft:furnace":8,"minecraft:beetroot_seeds":1,"ecologics:walnut":4,"minecraft:egg":1,"minecraft:cobbled_deepslate":57,"minecraft:pointed_dripstone":1,"alexsmobs:raw_catfish":1,"alexsmobs:cooked_catfish":16,"minecraft:stone_pickaxe":412,"minecraft:oak_planks":15,"minecraft:wooden_pickaxe":74,"minecraft:cherry_planks":48,"minecraft:crafting_table":20,"minecraft:oak_log":2,"minecraft:bread":2,"minecraft:iron_pickaxe":663,"minecraft:gravel":2,"minecraft:stone_axe":151,"minecraft:wooden_sword":20,"minecraft:cobblestone":454,"minecraft:cooked_porkchop":4,"minecraft:yellow_bed":1},"minecraft:killed":{"hordes:zombie_player":5,"alexsmobs:tiger":1,"alexsmobs:raccoon":3,"minecraft:spider":1,"alexsmobs:tasmanian_devil":2,"minecraft:skeleton":1,"minecraft:chicken":2,"minecraft:pig":6,"alexsmobs:grizzly_bear":1,"minecraft:creeper":3,"alexsmobs:catfish":7,"minecraft:zombie":5,"ecologics:squirrel":1,"alexsmobs:fly":1,"minecraft:wither_skeleton":5,"minecraft:cow":2},"minecraft:picked_up":{"minecraft:mud":19,"minecraft:crafting_table":20,"minecraft:allium":1,"minecraft:chicken":4,"minecraft:brown_mushroom":18,"minecraft:oak_stairs":1,"minecraft:shield":4,"alexsmobs:cooked_catfish":16,"minecraft:string":8,"minecraft:moss_carpet":7,"minecraft:raw_copper":69,"minecraft:iron_leggings":4,"minecraft:beetroot":2,"ecologics:walnut_sapling":1,"minecraft:cobbled_deepslate":70,"minecraft:gold_nugget":42,"minecraft:beef":4,"minecraft:white_tulip":2,"minecraft:poppy":1,"minecraft:iron_pickaxe":5,"alexsmobs:raccoon_tail":1,"minecraft:chest":3,"minecraft:furnace":1,"minecraft:raw_copper_block":8,"minecraft:iron_boots":5,"minecraft:egg":3,"minecraft:stick":13,"minecraft:raw_iron":85,"minecraft:oak_door":3,"minecraft:torch":47,"minecraft:porkchop":16,"pointblank:gunmetal_nugget":38,"psg:sulphur":167,"minecraft:cherry_log":8,"marbledsarsenal:katana":5,"minecraft:pointed_dripstone":40,"minecraft:carrot":43,"minecraft:redstone":64,"minecraft:arrow":2,"minecraft:stone_shovel":4,"minecraft:rotten_flesh":13,"minecraft:diamond_chestplate":5,"minecraft:beetroot_seeds":3,"minecraft:peony":2,"create:ochrum":1,"k_turrets:raw_titanium":10,"minecraft:pink_tulip":2,"projectvibrantjourneys:cattail":12,"minecraft:mangrove_roots":5,"minecraft:gold_ingot":16,"minecraft:snowball":72,"minecraft:cobblestone":1099,"minecraft:pink_petals":68,"ecologics:walnut":4,"minecraft:feather":1,"minecraft:cherry_planks":16,"projectvibrantjourneys:fallen_leaves":2,"minecraft:leather":3,"minecraft:red_mushroom":1,"alexsmobs:bear_fur":1,"minecraft:tuff":2,"create:raw_zinc":26,"minecraft:oak_log":65,"minecraft:yellow_bed":1,"minecraft:gunpowder":8,"projectvibrantjourneys:oak_hollow_log":8,"minecraft:lapis_lazuli":8,"minecraft:dirt":312,"marbledsarsenal:swat_armor_helmet":4,"minecraft:bone":34,"minecraft:apple":6,"minecraft:wheat_seeds":18,"minecraft:raw_gold":5,"minecraft:iron_ingot":7,"marbledsapi:steel_ingot":1,"tacz:gun_smith_table":1,"minecraft:oak_planks":252,"projectvibrantjourneys:light_brown_bark_mushroom":4,"minecraft:cooked_porkchop":5,"psg:raw_potassium":14,"minecraft:dripstone_block":37,"minecraft:gravel":2,"projectvibrantjourneys:bones":1,"minecraft:mossy_cobblestone":1,"alexsmobs:raw_catfish":24,"minecraft:slime_ball":1,"minecraft:diamond":20,"minecraft:stone_axe":4,"minecraft:iron_helmet":1,"minecraft:granite":3,"alexsmobs:maggot":1,"minecraft:mangrove_propagule":2,"minecraft:coal":134},"minecraft:broken":{"minecraft:wooden_pickaxe":1,"minecraft:stone_pickaxe":3,"minecraft:stone_axe":1,"minecraft:iron_pickaxe":2,"minecraft:stone_shovel":1},"minecraft:custom":{"minecraft:mob_kills":46,"minecraft:interact_with_crafting_table":76,"minecraft:damage_dealt_resisted":236,"minecraft:leave_game":5,"minecraft:time_since_death":40816,"minecraft:climb_one_cm":13616,"minecraft:sprint_one_cm":400599,"minecraft:walk_one_cm":611822,"minecraft:damage_blocked_by_shield":757,"minecraft:drop":51,"minecraft:talked_to_villager":4,"minecraft:play_time":229387,"minecraft:sneak_time":10194,"minecraft:deaths":12,"minecraft:walk_under_water_one_cm":29976,"minecraft:jump":1952,"minecraft:walk_on_water_one_cm":33573,"minecraft:total_world_time":229387,"minecraft:interact_with_furnace":62,"minecraft:sleep_in_bed":3,"minecraft:time_since_rest":39894,"minecraft:damage_taken":4013,"minecraft:damage_dealt":8522,"minecraft:swim_one_cm":14983,"minecraft:fly_one_cm":181889,"minecraft:open_chest":46,"minecraft:crouch_one_cm":19382,"minecraft:fall_one_cm":33763},"minecraft:killed_by":{"minecraft:spider":1,"hordes:zombie_player":2,"alexsmobs:tiger":2,"minecraft:zombie":5},"minecraft:crafted":{"minecraft:cherry_planks":32,"minecraft:wooden_sword":1,"minecraft:oak_planks":172,"minecraft:stone_shovel":1,"minecraft:cooked_chicken":2,"minecraft:furnace":8,"minecraft:raw_copper_block":6,"minecraft:iron_boots":1,"minecraft:ladder":6,"minecraft:stone_pickaxe":5,"minecraft:chest":5,"marbledsapi:steel_ingot":6,"alexsmobs:cooked_catfish":18,"marbledsarsenal:katana":1,"minecraft:cooked_beef":1,"minecraft:oak_slab":18,"marbledsapi:steel_sheet":4,"minecraft:cooked_porkchop":12,"minecraft:crafting_table":5,"minecraft:wooden_pickaxe":2,"minecraft:iron_helmet":1,"tacz:gun_smith_table":1,"minecraft:stone_axe":3,"marbledsarsenal:swat_armor_helmet":1,"minecraft:air":0,"minecraft:blue_dye":1,"marbledsapi:raw_steel":6,"minecraft:gold_nugget":9,"minecraft:shield":2,"minecraft:stick":64,"minecraft:iron_ingot":64,"minecraft:iron_pickaxe":3,"minecraft:wooden_axe":1,"minecraft:iron_block":1,"minecraft:iron_leggings":1,"minecraft:gold_ingot":5,"minecraft:torch":72,"minecraft:diamond_chestplate":1},"minecraft:mined":{"create:zinc_ore":12,"create:deepslate_zinc_ore":1,"minecraft:tuff":1,"minecraft:mossy_cobblestone":1,"minecraft:deepslate_diamond_ore":10,"minecraft:cherry_log":8,"minecraft:mangrove_roots":7,"projectvibrantjourneys:rocks":5,"minecraft:glow_lichen":1,"psg:sulphur_ore":39,"minecraft:granite":1,"minecraft:allium":1,"minecraft:grass_block":25,"create:ochrum":1,"minecraft:spruce_leaves":23,"tacz:gun_smith_table":1,"minecraft:mangrove_propagule":1,"minecraft:tall_seagrass":4,"minecraft:furnace":1,"minecraft:carrots":11,"minecraft:iron_ore":51,"minecraft:snow":35,"minecraft:cobbled_deepslate":3,"minecraft:pointed_dripstone":26,"minecraft:dirt_path":2,"minecraft:deepslate_iron_ore":18,"minecraft:oak_stairs":1,"minecraft:pink_tulip":1,"minecraft:stone":671,"projectvibrantjourneys:cattail":4,"minecraft:deepslate_redstone_ore":7,"minecraft:brown_mushroom":6,"minecraft:glass_pane":3,"minecraft:cherry_planks":16,"psg:potassium_ore":4,"minecraft:crafting_table":16,"projectvibrantjourneys:twigs":1,"minecraft:poppy":1,"ecologics:walnut_leaves":25,"projectvibrantjourneys:mossy_rocks":2,"projectvibrantjourneys:natural_cobweb":1,"minecraft:copper_ore":22,"minecraft:tall_grass":54,"minecraft:cobblestone":50,"minecraft:deepslate_coal_ore":1,"minecraft:deepslate_gold_ore":4,"minecraft:lapis_ore":2,"minecraft:lily_pad":1,"projectvibrantjourneys:fallen_leaves":1,"minecraft:oak_planks":2,"minecraft:wall_torch":16,"minecraft:pink_petals":4,"minecraft:mud":24,"projectvibrantjourneys:bones":8,"minecraft:bee_nest":1,"minecraft:yellow_bed":1,"minecraft:grass":77,"k_turrets:titanium_ore":10,"minecraft:oak_log":69,"minecraft:coal_ore":78,"minecraft:beetroots":2,"projectvibrantjourneys:short_grass":26,"minecraft:gravel":2,"minecraft:dripstone_block":19,"minecraft:dirt":134,"minecraft:raw_copper_block":1,"minecraft:gold_ore":1,"projectvibrantjourneys:oak_hollow_log":9,"minecraft:oak_leaves":26,"minecraft:deepslate":68},"minecraft:dropped":{"minecraft:wheat_seeds":2,"minecraft:mangrove_propagule":2,"minecraft:feather":1,"ecologics:walnut_sapling":1,"projectvibrantjourneys:bones":1,"minecraft:granite":2,"minecraft:coal":4,"minecraft:red_mushroom":1,"minecraft:dirt":8,"minecraft:torch":1,"projectvibrantjourneys:fallen_leaves":2,"minecraft:gold_nugget":35,"minecraft:mud":12,"minecraft:moss_carpet":7,"minecraft:cobbled_deepslate":7,"minecraft:tuff":1,"minecraft:pointed_dripstone":38,"minecraft:rotten_flesh":4,"minecraft:oak_planks":1,"alexsmobs:bear_fur":1}},"DataVersion":3465}