{"stats":{"minecraft:used":{"minecraft:beetroot":1,"minecraft:polished_deepslate":10,"minecraft:ladder":6,"minecraft:chest":9,"minecraft:shield":25,"minecraft:rotten_flesh":5,"minecraft:carrot":17,"minecraft:deepslate_brick_slab":1,"minecraft:tuff":1,"minecraft:mangrove_roots":3,"minecraft:furnace":8,"minecraft:beetroot_seeds":1,"minecraft:egg":1,"alexsmobs:raw_catfish":1,"minecraft:stone_pickaxe":425,"minecraft:mangrove_planks":7,"minecraft:oak_planks":18,"minecraft:wooden_pickaxe":117,"minecraft:diamond_axe":7,"minecraft:dripstone_block":1,"minecraft:bread":4,"minecraft:gravel":5,"minecraft:wooden_sword":20,"minecraft:iron_bars":2,"minecraft:cracked_deepslate_bricks":2,"minecraft:stone_shovel":150,"tacz:gun_smith_table":2,"minecraft:cooked_chicken":2,"minecraft:oak_door":3,"minecraft:torch":116,"create:ochrum":1,"minecraft:dirt":106,"minecraft:granite":1,"farmersdelight:rope":3,"minecraft:wooden_axe":14,"minecraft:oak_stairs":1,"minecraft:iron_boots":1,"marbledsarsenal:katana":323,"minecraft:diamond_chestplate":1,"minecraft:golden_carrot":1,"minecraft:deepslate_tile_stairs":4,"ecologics:walnut":4,"minecraft:cooked_beef":1,"minecraft:cobbled_deepslate":110,"minecraft:pointed_dripstone":1,"alexsmobs:cooked_catfish":18,"minecraft:water_bucket":1,"minecraft:cherry_planks":48,"minecraft:deepslate_bricks":6,"minecraft:crafting_table":22,"minecraft:oak_log":2,"minecraft:iron_pickaxe":893,"minecraft:stone_axe":158,"comforts:rope_and_nail":2,"minecraft:cobblestone":488,"minecraft:cooked_porkchop":9,"minecraft:bucket":2,"minecraft:yellow_bed":3},"minecraft:killed":{"minecraft:spider":1,"minecraft:skeleton":1,"minecraft:chicken":2,"minecraft:pig":6,"alexsmobs:grizzly_bear":1,"minecraft:creeper":3,"minecraft:zombie":9,"alexsmobs:fly":1,"minecraft:cow":2,"hordes:zombie_player":5,"alexsmobs:tiger":1,"alexsmobs:raccoon":3,"alexsmobs:tasmanian_devil":2,"minecraft:phantom":1,"alexsmobs:catfish":7,"ecologics:squirrel":1,"minecraft:wither_skeleton":10},"minecraft:picked_up":{"minecraft:wheat":7,"minecraft:lead":3,"minecraft:oak_stairs":1,"minecraft:wither_rose":6,"minecraft:stone_brick_stairs":1,"minecraft:polished_deepslate":11,"minecraft:string":24,"minecraft:soul_soil":3,"minecraft:raw_copper":69,"minecraft:iron_leggings":4,"minecraft:beetroot":2,"minecraft:deepslate_tiles":6,"minecraft:gold_nugget":51,"minecraft:cobbled_deepslate":133,"minecraft:black_glazed_terracotta":4,"minecraft:white_tulip":2,"minecraft:deepslate_tile_wall":1,"minecraft:iron_pickaxe":5,"alexsmobs:raccoon_tail":1,"minecraft:mangrove_log":4,"minecraft:iron_boots":5,"minecraft:furnace":1,"minecraft:stick":13,"minecraft:jukebox":1,"minecraft:torch":49,"minecraft:porkchop":16,"psg:sulphur":173,"minecraft:cherry_log":8,"minecraft:pointed_dripstone":96,"minecraft:deepslate_tile_stairs":6,"minecraft:stone_sword":1,"minecraft:rotten_flesh":34,"create:ochrum":1,"minecraft:mangrove_roots":5,"projectvibrantjourneys:cattail":12,"minecraft:iron_bars":2,"minecraft:snowball":72,"minecraft:cobblestone":1156,"minecraft:pink_petals":68,"minecraft:enchanting_table":1,"ecologics:walnut":4,"minecraft:feather":1,"minecraft:cherry_planks":16,"projectvibrantjourneys:fallen_leaves":2,"alexsmobs:bear_fur":1,"minecraft:flint":2,"create:raw_zinc":26,"minecraft:tuff":3,"projectvibrantjourneys:oak_hollow_log":8,"minecraft:lapis_lazuli":12,"minecraft:dirt":317,"minecraft:bone":41,"minecraft:wheat_seeds":18,"minecraft:raw_gold":5,"minecraft:deepslate_brick_slab":9,"tacz:gun_smith_table":1,"minecraft:oak_planks":252,"minecraft:cooked_porkchop":5,"psg:raw_potassium":15,"minecraft:mossy_cobblestone":1,"minecraft:diamond":20,"minecraft:granite":3,"minecraft:golden_horse_armor":1,"minecraft:bread":1,"alexsmobs:maggot":1,"minecraft:mud":20,"minecraft:crafting_table":21,"minecraft:allium":1,"minecraft:chicken":4,"minecraft:nether_wart":6,"minecraft:brown_mushroom":19,"minecraft:chain":1,"minecraft:shield":4,"alexsmobs:cooked_catfish":16,"minecraft:moss_carpet":7,"ecologics:walnut_sapling":1,"minecraft:cracked_stone_bricks":1,"minecraft:beef":4,"minecraft:poppy":1,"minecraft:chest":6,"minecraft:egg":3,"minecraft:raw_copper_block":8,"minecraft:raw_iron":97,"minecraft:oak_door":3,"pointblank:gunmetal_nugget":54,"marbledsarsenal:katana":5,"minecraft:carrot":43,"minecraft:redstone":64,"minecraft:diamond_chestplate":5,"minecraft:arrow":2,"minecraft:stone_shovel":4,"minecraft:beetroot_seeds":9,"minecraft:peony":2,"k_turrets:raw_titanium":12,"minecraft:deepslate_bricks":11,"minecraft:cracked_deepslate_bricks":4,"minecraft:pink_tulip":2,"minecraft:gold_ingot":16,"minecraft:skeleton_skull":1,"minecraft:glow_ink_sac":1,"minecraft:leather":3,"minecraft:red_mushroom":2,"minecraft:oak_log":71,"minecraft:yellow_bed":3,"minecraft:gunpowder":10,"minecraft:deepslate_tile_slab":9,"marbledsarsenal:swat_armor_helmet":4,"minecraft:apple":6,"minecraft:iron_ingot":7,"marbledsapi:steel_ingot":1,"minecraft:mangrove_planks":1,"minecraft:soul_sand":2,"minecraft:book":12,"projectvibrantjourneys:light_brown_bark_mushroom":4,"minecraft:stone_brick_slab":1,"minecraft:dripstone_block":42,"minecraft:gravel":15,"projectvibrantjourneys:bones":1,"minecraft:blast_furnace":1,"alexsmobs:raw_catfish":24,"minecraft:slime_ball":1,"minecraft:stone_axe":4,"minecraft:iron_helmet":1,"minecraft:coal":137,"minecraft:mangrove_propagule":2},"minecraft:broken":{"minecraft:stone_pickaxe":3,"minecraft:stone_axe":1,"minecraft:stone_shovel":1,"minecraft:wooden_pickaxe":1,"minecraft:iron_pickaxe":2},"minecraft:custom":{"minecraft:interact_with_crafting_table":91,"minecraft:open_barrel":2,"minecraft:leave_game":5,"minecraft:time_since_death":32376,"minecraft:sprint_one_cm":522097,"minecraft:damage_blocked_by_shield":1589,"minecraft:drop":79,"minecraft:talked_to_villager":4,"minecraft:play_time":307387,"minecraft:deaths":17,"minecraft:jump":2552,"minecraft:walk_on_water_one_cm":53438,"minecraft:interact_with_furnace":81,"minecraft:sleep_in_bed":4,"minecraft:damage_dealt":10917,"minecraft:crouch_one_cm":34079,"minecraft:mob_kills":56,"minecraft:damage_dealt_resisted":409,"minecraft:climb_one_cm":16978,"minecraft:walk_one_cm":809513,"minecraft:sneak_time":17041,"minecraft:walk_under_water_one_cm":41538,"minecraft:interact_with_blast_furnace":5,"minecraft:total_world_time":307387,"minecraft:time_since_rest":2507,"minecraft:damage_taken":6189,"minecraft:swim_one_cm":15024,"minecraft:fly_one_cm":255115,"minecraft:open_chest":150,"minecraft:fall_one_cm":63719},"minecraft:killed_by":{"minecraft:zombie":7,"minecraft:spider":1,"hordes:zombie_player":2,"alexsmobs:tiger":2},"minecraft:crafted":{"minecraft:oak_planks":280,"minecraft:cooked_chicken":2,"minecraft:iron_boots":1,"psg:potassium":3,"minecraft:chest":7,"marbledsapi:steel_ingot":6,"alexsmobs:cooked_catfish":18,"minecraft:oak_slab":18,"minecraft:cooked_porkchop":12,"minecraft:crafting_table":7,"minecraft:wooden_pickaxe":4,"minecraft:iron_helmet":1,"marbledsarsenal:swat_armor_helmet":1,"marbledsapi:raw_steel":6,"minecraft:shield":3,"minecraft:stick":92,"comforts:rope_and_nail":2,"minecraft:iron_ingot":80,"minecraft:iron_pickaxe":5,"minecraft:iron_block":1,"minecraft:gold_ingot":5,"minecraft:cherry_planks":32,"minecraft:wooden_sword":1,"minecraft:raw_iron":36,"minecraft:stone_shovel":1,"minecraft:furnace":8,"minecraft:raw_copper_block":6,"minecraft:ladder":6,"minecraft:stone_pickaxe":6,"marbledsarsenal:katana":1,"minecraft:cooked_beef":1,"marbledsapi:steel_sheet":4,"minecraft:iron_sword":1,"tacz:gun_smith_table":1,"minecraft:mangrove_planks":16,"minecraft:bucket":1,"minecraft:stone_axe":3,"minecraft:air":0,"minecraft:blue_dye":1,"minecraft:gold_nugget":9,"minecraft:wooden_axe":1,"minecraft:iron_leggings":1,"minecraft:torch":128,"minecraft:diamond_chestplate":1},"minecraft:mined":{"create:deepslate_zinc_ore":1,"minecraft:cherry_log":8,"minecraft:granite":1,"minecraft:deepslate_tile_wall":1,"minecraft:grass_block":26,"minecraft:deepslate_bricks":13,"minecraft:soul_soil":3,"minecraft:deepslate_tile_stairs":6,"tacz:gun_smith_table":1,"minecraft:nether_wart":2,"minecraft:spawner":1,"minecraft:tall_seagrass":4,"minecraft:iron_ore":57,"minecraft:cobbled_deepslate":25,"minecraft:deepslate_lapis_ore":1,"minecraft:enchanting_table":1,"minecraft:pointed_dripstone":65,"minecraft:dirt_path":2,"minecraft:oak_stairs":1,"minecraft:iron_bars":2,"minecraft:pink_tulip":1,"projectvibrantjourneys:cattail":4,"minecraft:deepslate_redstone_ore":7,"minecraft:brown_mushroom":7,"minecraft:deepslate_tile_slab":9,"projectvibrantjourneys:twigs":1,"minecraft:blast_furnace":1,"minecraft:poppy":1,"minecraft:chest":2,"projectvibrantjourneys:natural_cobweb":1,"minecraft:mushroom_stem":4,"minecraft:cobblestone":57,"projectvibrantjourneys:fallen_leaves":1,"minecraft:oak_planks":2,"minecraft:wall_torch":17,"minecraft:pink_petals":4,"minecraft:skeleton_skull":1,"minecraft:chain":1,"minecraft:mud":25,"projectvibrantjourneys:bones":10,"minecraft:jukebox":1,"minecraft:wither_rose":6,"minecraft:stone_brick_stairs":1,"minecraft:grass":82,"minecraft:oak_log":75,"projectvibrantjourneys:short_grass":26,"minecraft:beetroots":2,"minecraft:dirt":138,"minecraft:mangrove_log":4,"minecraft:raw_copper_block":1,"minecraft:red_mushroom_block":3,"minecraft:oak_leaves":26,"minecraft:deepslate":116,"create:zinc_ore":12,"minecraft:deepslate_tiles":7,"minecraft:tuff":2,"minecraft:mossy_cobblestone":2,"minecraft:deepslate_diamond_ore":10,"minecraft:mangrove_roots":7,"projectvibrantjourneys:rocks":5,"psg:sulphur_ore":39,"minecraft:glow_lichen":1,"minecraft:allium":1,"create:ochrum":1,"minecraft:spruce_leaves":23,"minecraft:red_mushroom":1,"minecraft:mangrove_propagule":1,"minecraft:deepslate_brick_slab":8,"minecraft:furnace":1,"minecraft:carrots":11,"minecraft:black_glazed_terracotta":4,"minecraft:snow":35,"minecraft:polished_deepslate":18,"minecraft:bookshelf":5,"minecraft:deepslate_iron_ore":24,"minecraft:stone":722,"minecraft:glass_pane":3,"minecraft:cherry_planks":16,"minecraft:soul_sand":2,"psg:potassium_ore":4,"minecraft:stone_brick_slab":1,"psg:deepslate_sulphur_ore":1,"minecraft:crafting_table":17,"ecologics:walnut_leaves":25,"projectvibrantjourneys:mossy_rocks":2,"minecraft:tall_grass":55,"minecraft:copper_ore":22,"minecraft:deepslate_coal_ore":1,"minecraft:lapis_ore":2,"minecraft:deepslate_gold_ore":4,"minecraft:lily_pad":1,"minecraft:cracked_deepslate_bricks":7,"minecraft:mangrove_planks":2,"minecraft:mangrove_leaves":1,"minecraft:bee_nest":1,"minecraft:yellow_bed":3,"k_turrets:titanium_ore":12,"minecraft:coal_ore":80,"minecraft:gravel":17,"minecraft:dripstone_block":27,"minecraft:cobweb":16,"minecraft:cracked_stone_bricks":1,"minecraft:gold_ore":1,"projectvibrantjourneys:oak_hollow_log":9},"minecraft:dropped":{"ecologics:walnut_sapling":1,"projectvibrantjourneys:bones":1,"minecraft:red_mushroom":1,"minecraft:dirt":8,"projectvibrantjourneys:fallen_leaves":2,"minecraft:gold_nugget":41,"minecraft:bone":1,"minecraft:cobbled_deepslate":7,"minecraft:wheat":4,"minecraft:pointed_dripstone":38,"minecraft:deepslate_brick_slab":5,"minecraft:rotten_flesh":12,"minecraft:oak_planks":1,"minecraft:beetroot_seeds":4,"minecraft:chest":1,"minecraft:wheat_seeds":2,"minecraft:golden_horse_armor":1,"minecraft:mangrove_propagule":2,"minecraft:feather":1,"minecraft:lead":2,"minecraft:granite":2,"minecraft:coal":4,"minecraft:torch":1,"minecraft:mud":12,"minecraft:moss_carpet":7,"minecraft:tuff":1,"alexsmobs:bear_fur":1,"minecraft:wooden_pickaxe":1}},"DataVersion":3465}