{"stats":{"minecraft:killed":{"minecraft:cow":1},"minecraft:custom":{"minecraft:time_since_rest":8591,"minecraft:sprint_one_cm":58281,"minecraft:damage_taken":773,"minecraft:walk_one_cm":62910,"minecraft:damage_blocked_by_shield":136,"minecraft:mob_kills":1,"minecraft:damage_dealt":335,"minecraft:swim_one_cm":814,"minecraft:interact_with_crafting_table":1,"minecraft:fly_one_cm":29584,"minecraft:crouch_one_cm":93,"minecraft:play_time":14231,"minecraft:deaths":2,"minecraft:sneak_time":119,"minecraft:walk_under_water_one_cm":6340,"minecraft:jump":253,"minecraft:damage_dealt_resisted":71,"minecraft:leave_game":1,"minecraft:time_since_death":8569,"minecraft:walk_on_water_one_cm":4403,"minecraft:total_world_time":14231,"minecraft:climb_one_cm":174,"minecraft:fall_one_cm":9959},"minecraft:picked_up":{"projectvibrantjourneys:light_brown_bark_mushroom":1,"minecraft:allium":1,"minecraft:leather":2,"minecraft:oak_log":4,"minecraft:bone":2,"minecraft:rotten_flesh":4,"minecraft:slime_ball":1,"minecraft:wheat_seeds":1,"minecraft:beef":3,"minecraft:mangrove_roots":1},"minecraft:crafted":{"minecraft:wooden_sword":1,"minecraft:oak_planks":16,"minecraft:crafting_table":1,"minecraft:stick":8,"minecraft:wooden_pickaxe":1,"minecraft:wooden_axe":1},"minecraft:killed_by":{"minecraft:spider":1,"minecraft:zombie":1},"minecraft:used":{"minecraft:bread":2,"minecraft:shield":4,"minecraft:rotten_flesh":3,"minecraft:wooden_sword":17,"minecraft:crafting_table":1},"minecraft:mined":{"projectvibrantjourneys:bones":2,"minecraft:mangrove_roots":2,"minecraft:glow_lichen":1,"minecraft:grass":4,"minecraft:allium":1,"minecraft:oak_log":5,"projectvibrantjourneys:short_grass":4,"minecraft:tall_grass":10,"minecraft:oak_leaves":3}},"DataVersion":3465}