{"stats":{"minecraft:killed":{"minecraft:pig":1,"minecraft:creeper":1,"alexsmobs:catfish":7,"minecraft:zombie":1,"ecologics:squirrel":1,"minecraft:wither_skeleton":5,"minecraft:cow":1},"minecraft:custom":{"minecraft:mob_kills":17,"minecraft:interact_with_crafting_table":39,"minecraft:damage_dealt_resisted":71,"minecraft:leave_game":2,"minecraft:time_since_death":89827,"minecraft:climb_one_cm":1335,"minecraft:sprint_one_cm":138048,"minecraft:walk_one_cm":281034,"minecraft:damage_blocked_by_shield":136,"minecraft:drop":36,"minecraft:play_time":116037,"minecraft:deaths":5,"minecraft:sneak_time":8792,"minecraft:walk_under_water_one_cm":29976,"minecraft:jump":1114,"minecraft:walk_on_water_one_cm":33268,"minecraft:total_world_time":116037,"minecraft:interact_with_furnace":34,"minecraft:time_since_rest":89935,"minecraft:damage_taken":1769,"minecraft:damage_dealt":3467,"minecraft:swim_one_cm":14983,"minecraft:fly_one_cm":57860,"minecraft:crouch_one_cm":16309,"minecraft:fall_one_cm":19910},"minecraft:picked_up":{"minecraft:mud":12,"minecraft:crafting_table":11,"minecraft:allium":1,"minecraft:brown_mushroom":6,"minecraft:moss_carpet":7,"minecraft:raw_copper":59,"minecraft:gold_nugget":35,"minecraft:cobbled_deepslate":64,"minecraft:beef":3,"minecraft:raw_copper_block":1,"minecraft:furnace":1,"minecraft:stick":4,"minecraft:raw_iron":59,"minecraft:torch":14,"minecraft:porkchop":3,"pointblank:gunmetal_nugget":4,"psg:sulphur":149,"minecraft:pointed_dripstone":39,"minecraft:redstone":32,"minecraft:rotten_flesh":6,"create:ochrum":1,"k_turrets:raw_titanium":9,"minecraft:mangrove_roots":4,"minecraft:cobblestone":459,"projectvibrantjourneys:fallen_leaves":2,"minecraft:leather":2,"minecraft:red_mushroom":1,"minecraft:tuff":2,"create:raw_zinc":13,"minecraft:oak_log":18,"minecraft:gunpowder":2,"projectvibrantjourneys:oak_hollow_log":8,"minecraft:lapis_lazuli":7,"minecraft:dirt":25,"minecraft:bone":10,"minecraft:wheat_seeds":2,"minecraft:raw_gold":5,"minecraft:oak_planks":1,"projectvibrantjourneys:light_brown_bark_mushroom":2,"psg:raw_potassium":14,"minecraft:dripstone_block":18,"minecraft:gravel":2,"projectvibrantjourneys:bones":1,"alexsmobs:raw_catfish":19,"minecraft:slime_ball":1,"minecraft:diamond":10,"minecraft:granite":3,"minecraft:coal":39,"minecraft:mangrove_propagule":1},"minecraft:crafted":{"minecraft:wooden_sword":1,"minecraft:oak_planks":80,"minecraft:furnace":4,"minecraft:iron_boots":1,"minecraft:stone_pickaxe":5,"marbledsapi:steel_ingot":5,"alexsmobs:cooked_catfish":14,"marbledsarsenal:katana":1,"minecraft:oak_slab":6,"marbledsapi:steel_sheet":4,"minecraft:cooked_porkchop":3,"minecraft:crafting_table":3,"minecraft:wooden_pickaxe":2,"minecraft:iron_helmet":1,"minecraft:stone_axe":2,"minecraft:air":0,"marbledsapi:raw_steel":5,"minecraft:gold_nugget":9,"minecraft:shield":1,"minecraft:stick":36,"minecraft:iron_ingot":42,"minecraft:iron_pickaxe":2,"minecraft:wooden_axe":1,"minecraft:gold_ingot":5,"minecraft:iron_leggings":1,"minecraft:torch":40,"minecraft:diamond_chestplate":1},"minecraft:killed_by":{"minecraft:spider":1,"hordes:zombie_player":1,"minecraft:zombie":3},"minecraft:used":{"minecraft:shield":4,"minecraft:rotten_flesh":5,"minecraft:torch":49,"create:ochrum":1,"minecraft:dirt":20,"minecraft:tuff":1,"minecraft:granite":1,"minecraft:wooden_axe":14,"marbledsarsenal:katana":38,"minecraft:mangrove_roots":3,"minecraft:furnace":4,"minecraft:cobbled_deepslate":57,"minecraft:pointed_dripstone":1,"alexsmobs:cooked_catfish":3,"minecraft:stone_pickaxe":412,"minecraft:wooden_pickaxe":74,"minecraft:crafting_table":12,"minecraft:oak_log":2,"minecraft:bread":2,"minecraft:iron_pickaxe":339,"minecraft:gravel":2,"minecraft:stone_axe":56,"minecraft:wooden_sword":20,"minecraft:cobblestone":331,"minecraft:cooked_porkchop":1},"minecraft:broken":{"minecraft:wooden_pickaxe":1,"minecraft:stone_pickaxe":3,"minecraft:iron_pickaxe":1},"minecraft:mined":{"create:zinc_ore":12,"create:deepslate_zinc_ore":1,"minecraft:tuff":1,"minecraft:deepslate_diamond_ore":10,"minecraft:mangrove_roots":6,"projectvibrantjourneys:rocks":4,"psg:sulphur_ore":35,"minecraft:glow_lichen":1,"minecraft:granite":1,"minecraft:allium":1,"minecraft:grass_block":4,"create:ochrum":1,"minecraft:mangrove_propagule":1,"minecraft:tall_seagrass":4,"minecraft:furnace":1,"minecraft:iron_ore":42,"minecraft:cobbled_deepslate":3,"minecraft:pointed_dripstone":25,"minecraft:deepslate_iron_ore":18,"minecraft:stone":450,"minecraft:deepslate_redstone_ore":7,"minecraft:brown_mushroom":6,"psg:potassium_ore":4,"minecraft:crafting_table":11,"projectvibrantjourneys:twigs":1,"projectvibrantjourneys:mossy_rocks":2,"minecraft:tall_grass":12,"minecraft:copper_ore":21,"minecraft:cobblestone":23,"minecraft:deepslate_coal_ore":1,"minecraft:lapis_ore":2,"minecraft:deepslate_gold_ore":4,"minecraft:lily_pad":1,"projectvibrantjourneys:fallen_leaves":1,"minecraft:wall_torch":14,"minecraft:mud":13,"projectvibrantjourneys:bones":5,"minecraft:grass":13,"k_turrets:titanium_ore":9,"minecraft:oak_log":19,"minecraft:coal_ore":38,"projectvibrantjourneys:short_grass":5,"minecraft:gravel":2,"minecraft:dripstone_block":18,"minecraft:dirt":26,"minecraft:raw_copper_block":1,"minecraft:gold_ore":1,"minecraft:oak_leaves":3,"projectvibrantjourneys:oak_hollow_log":9,"minecraft:deepslate":62},"minecraft:dropped":{"minecraft:wheat_seeds":1,"minecraft:granite":2,"minecraft:dirt":5,"minecraft:torch":1,"projectvibrantjourneys:fallen_leaves":2,"minecraft:gold_nugget":35,"minecraft:mud":12,"minecraft:moss_carpet":7,"minecraft:tuff":1,"minecraft:pointed_dripstone":38,"minecraft:oak_planks":1}},"DataVersion":3465}