{"stats":{"minecraft:killed":{"minecraft:pig":1,"minecraft:zombie":1,"ecologics:squirrel":1,"minecraft:wither_skeleton":5,"minecraft:cow":1},"minecraft:custom":{"minecraft:interact_with_furnace":25,"minecraft:mob_kills":9,"minecraft:interact_with_crafting_table":37,"minecraft:damage_dealt_resisted":71,"minecraft:leave_game":2,"minecraft:time_since_death":71827,"minecraft:climb_one_cm":1054,"minecraft:time_since_rest":71935,"minecraft:sprint_one_cm":126748,"minecraft:damage_taken":1669,"minecraft:walk_one_cm":231018,"minecraft:damage_blocked_by_shield":136,"minecraft:drop":16,"minecraft:damage_dealt":1971,"minecraft:swim_one_cm":8107,"minecraft:fly_one_cm":54217,"minecraft:crouch_one_cm":14476,"minecraft:play_time":98037,"minecraft:deaths":5,"minecraft:sneak_time":8101,"minecraft:walk_under_water_one_cm":12518,"minecraft:jump":821,"minecraft:walk_on_water_one_cm":16446,"minecraft:total_world_time":98037,"minecraft:fall_one_cm":18137},"minecraft:picked_up":{"minecraft:allium":1,"minecraft:crafting_table":9,"minecraft:leather":2,"minecraft:brown_mushroom":6,"minecraft:tuff":2,"create:raw_zinc":13,"minecraft:oak_log":16,"minecraft:gunpowder":2,"minecraft:lapis_lazuli":7,"minecraft:dirt":16,"minecraft:raw_copper":59,"minecraft:bone":10,"minecraft:gold_nugget":35,"minecraft:cobbled_deepslate":63,"minecraft:wheat_seeds":1,"minecraft:raw_gold":5,"minecraft:beef":3,"minecraft:raw_copper_block":1,"minecraft:furnace":1,"projectvibrantjourneys:light_brown_bark_mushroom":1,"minecraft:stick":4,"minecraft:raw_iron":58,"psg:raw_potassium":14,"minecraft:gravel":2,"minecraft:torch":7,"projectvibrantjourneys:bones":1,"minecraft:dripstone_block":16,"pointblank:gunmetal_nugget":4,"minecraft:porkchop":3,"psg:sulphur":144,"minecraft:pointed_dripstone":38,"minecraft:redstone":32,"minecraft:rotten_flesh":6,"minecraft:slime_ball":1,"minecraft:diamond":10,"create:ochrum":1,"k_turrets:raw_titanium":9,"minecraft:granite":3,"minecraft:mangrove_roots":4,"minecraft:coal":39,"minecraft:cobblestone":398},"minecraft:crafted":{"minecraft:wooden_sword":1,"marbledsapi:steel_sheet":4,"minecraft:oak_slab":6,"minecraft:oak_planks":56,"minecraft:cooked_porkchop":3,"minecraft:crafting_table":2,"minecraft:wooden_pickaxe":2,"minecraft:iron_helmet":1,"minecraft:furnace":3,"minecraft:stone_axe":2,"minecraft:air":0,"marbledsapi:raw_steel":5,"minecraft:gold_nugget":9,"minecraft:iron_boots":1,"minecraft:stick":36,"minecraft:iron_ingot":42,"minecraft:iron_pickaxe":2,"minecraft:stone_pickaxe":5,"minecraft:wooden_axe":1,"minecraft:iron_leggings":1,"minecraft:gold_ingot":5,"marbledsapi:steel_ingot":5,"minecraft:torch":36,"marbledsarsenal:katana":1,"minecraft:diamond_chestplate":1},"minecraft:killed_by":{"minecraft:spider":1,"minecraft:zombie":3,"hordes:zombie_player":1},"minecraft:used":{"minecraft:stone_pickaxe":412,"minecraft:shield":4,"minecraft:wooden_pickaxe":74,"minecraft:rotten_flesh":3,"minecraft:torch":35,"minecraft:dirt":16,"minecraft:crafting_table":9,"minecraft:tuff":1,"minecraft:granite":1,"minecraft:oak_log":2,"minecraft:wooden_axe":14,"minecraft:bread":2,"minecraft:iron_pickaxe":258,"marbledsarsenal:katana":4,"minecraft:gravel":2,"minecraft:stone_axe":40,"minecraft:wooden_sword":20,"minecraft:cobblestone":220,"minecraft:mangrove_roots":3,"minecraft:furnace":3,"minecraft:cooked_porkchop":1,"minecraft:cobbled_deepslate":57},"minecraft:broken":{"minecraft:stone_pickaxe":3,"minecraft:iron_pickaxe":1,"minecraft:wooden_pickaxe":1},"minecraft:mined":{"create:zinc_ore":12,"minecraft:deepslate_redstone_ore":7,"create:deepslate_zinc_ore":1,"minecraft:tuff":1,"minecraft:brown_mushroom":6,"minecraft:deepslate_diamond_ore":10,"psg:potassium_ore":4,"minecraft:mangrove_roots":6,"projectvibrantjourneys:rocks":3,"psg:sulphur_ore":34,"minecraft:crafting_table":9,"minecraft:glow_lichen":1,"minecraft:granite":1,"projectvibrantjourneys:twigs":1,"minecraft:allium":1,"create:ochrum":1,"projectvibrantjourneys:mossy_rocks":2,"minecraft:copper_ore":21,"minecraft:tall_grass":12,"minecraft:cobblestone":20,"minecraft:deepslate_coal_ore":1,"minecraft:deepslate_gold_ore":4,"minecraft:lapis_ore":2,"minecraft:wall_torch":7,"minecraft:cobbled_deepslate":3,"minecraft:furnace":1,"minecraft:mud":1,"minecraft:iron_ore":42,"projectvibrantjourneys:bones":5,"k_turrets:titanium_ore":9,"minecraft:grass":11,"minecraft:pointed_dripstone":24,"minecraft:coal_ore":38,"minecraft:oak_log":17,"minecraft:deepslate_iron_ore":17,"projectvibrantjourneys:short_grass":4,"minecraft:gravel":2,"minecraft:dripstone_block":16,"minecraft:dirt":21,"minecraft:raw_copper_block":1,"minecraft:stone":392,"minecraft:gold_ore":1,"minecraft:deepslate":61,"minecraft:oak_leaves":3},"minecraft:dropped":{"minecraft:tuff":1,"minecraft:pointed_dripstone":38,"minecraft:granite":2,"minecraft:torch":1,"minecraft:gold_nugget":35}},"DataVersion":3465}