{"stats":{"minecraft:killed":{"minecraft:pig":1,"ecologics:squirrel":1,"minecraft:cow":1},"minecraft:custom":{"minecraft:interact_with_furnace":10,"minecraft:mob_kills":3,"minecraft:interact_with_crafting_table":10,"minecraft:damage_dealt_resisted":71,"minecraft:leave_game":2,"minecraft:time_since_death":23827,"minecraft:climb_one_cm":1054,"minecraft:time_since_rest":23935,"minecraft:sprint_one_cm":106663,"minecraft:damage_taken":1639,"minecraft:walk_one_cm":128391,"minecraft:damage_blocked_by_shield":136,"minecraft:damage_dealt":701,"minecraft:swim_one_cm":8107,"minecraft:fly_one_cm":49895,"minecraft:crouch_one_cm":524,"minecraft:play_time":50037,"minecraft:deaths":5,"minecraft:sneak_time":580,"minecraft:walk_under_water_one_cm":9646,"minecraft:jump":529,"minecraft:walk_on_water_one_cm":8369,"minecraft:total_world_time":50037,"minecraft:fall_one_cm":15764},"minecraft:picked_up":{"minecraft:allium":1,"minecraft:crafting_table":5,"minecraft:leather":2,"create:raw_zinc":12,"minecraft:oak_log":16,"minecraft:gunpowder":2,"minecraft:dirt":15,"minecraft:raw_copper":59,"minecraft:bone":2,"minecraft:wheat_seeds":1,"minecraft:beef":3,"minecraft:furnace":1,"projectvibrantjourneys:light_brown_bark_mushroom":1,"minecraft:stick":1,"minecraft:raw_iron":25,"psg:raw_potassium":14,"minecraft:torch":2,"minecraft:dripstone_block":1,"minecraft:porkchop":3,"psg:sulphur":139,"minecraft:pointed_dripstone":3,"minecraft:rotten_flesh":4,"minecraft:slime_ball":1,"k_turrets:raw_titanium":8,"minecraft:granite":1,"minecraft:mangrove_roots":4,"minecraft:coal":34,"minecraft:cobblestone":280},"minecraft:crafted":{"minecraft:wooden_sword":1,"minecraft:oak_slab":6,"minecraft:oak_planks":56,"minecraft:cooked_porkchop":3,"minecraft:crafting_table":2,"minecraft:wooden_pickaxe":2,"minecraft:furnace":2,"minecraft:stone_axe":2,"minecraft:air":0,"minecraft:stick":24,"minecraft:iron_ingot":9,"minecraft:iron_pickaxe":1,"minecraft:stone_pickaxe":4,"minecraft:wooden_axe":1,"minecraft:torch":12},"minecraft:killed_by":{"minecraft:spider":1,"minecraft:zombie":3,"hordes:zombie_player":1},"minecraft:used":{"minecraft:stone_pickaxe":280,"minecraft:shield":4,"minecraft:wooden_pickaxe":74,"minecraft:rotten_flesh":3,"minecraft:torch":6,"minecraft:dirt":5,"minecraft:crafting_table":5,"minecraft:oak_log":2,"minecraft:wooden_axe":14,"minecraft:bread":2,"minecraft:iron_pickaxe":92,"minecraft:stone_axe":13,"minecraft:wooden_sword":20,"minecraft:cobblestone":25,"minecraft:mangrove_roots":2,"minecraft:furnace":2,"minecraft:cooked_porkchop":1},"minecraft:broken":{"minecraft:stone_pickaxe":2,"minecraft:wooden_pickaxe":1},"minecraft:mined":{"create:zinc_ore":12,"psg:potassium_ore":4,"minecraft:mangrove_roots":6,"projectvibrantjourneys:rocks":1,"psg:sulphur_ore":33,"minecraft:crafting_table":5,"minecraft:glow_lichen":1,"minecraft:granite":1,"projectvibrantjourneys:twigs":1,"minecraft:allium":1,"projectvibrantjourneys:mossy_rocks":2,"minecraft:copper_ore":21,"minecraft:tall_grass":12,"minecraft:cobblestone":4,"minecraft:wall_torch":2,"minecraft:furnace":1,"minecraft:mud":1,"minecraft:iron_ore":25,"projectvibrantjourneys:bones":2,"k_turrets:titanium_ore":8,"minecraft:grass":11,"minecraft:pointed_dripstone":3,"minecraft:coal_ore":34,"minecraft:oak_log":17,"projectvibrantjourneys:short_grass":4,"minecraft:dripstone_block":1,"minecraft:dirt":20,"minecraft:stone":282,"minecraft:oak_leaves":3}},"DataVersion":3465}