{"stats":{"minecraft:killed":{"minecraft:cow":1},"minecraft:custom":{"minecraft:time_since_rest":840,"minecraft:deaths":2,"minecraft:play_time":6480,"minecraft:sprint_one_cm":32049,"minecraft:damage_taken":713,"minecraft:walk_one_cm":16894,"minecraft:damage_blocked_by_shield":136,"minecraft:mob_kills":1,"minecraft:damage_dealt_resisted":71,"minecraft:jump":125,"minecraft:damage_dealt":335,"minecraft:leave_game":1,"minecraft:time_since_death":818,"minecraft:climb_one_cm":174,"minecraft:total_world_time":6480,"minecraft:fall_one_cm":6725,"minecraft:fly_one_cm":15155},"minecraft:picked_up":{"minecraft:bone":1,"minecraft:rotten_flesh":1,"minecraft:slime_ball":1,"minecraft:leather":2,"minecraft:beef":3,"minecraft:oak_log":2},"minecraft:killed_by":{"minecraft:spider":1,"minecraft:zombie":1},"minecraft:used":{"minecraft:wooden_sword":17,"minecraft:bread":2,"minecraft:shield":4},"minecraft:mined":{"minecraft:grass":2,"minecraft:oak_log":3,"projectvibrantjourneys:short_grass":2,"projectvibrantjourneys:bones":1,"minecraft:glow_lichen":1}},"DataVersion":3465}