{"stats":{"minecraft:killed":{"minecraft:pig":1,"ecologics:squirrel":1,"minecraft:cow":1},"minecraft:custom":{"minecraft:time_since_rest":1651,"minecraft:interact_with_furnace":5,"minecraft:sprint_one_cm":100169,"minecraft:damage_taken":1359,"minecraft:walk_one_cm":78330,"minecraft:damage_blocked_by_shield":136,"minecraft:mob_kills":3,"minecraft:damage_dealt":701,"minecraft:swim_one_cm":8107,"minecraft:interact_with_crafting_table":5,"minecraft:fly_one_cm":47606,"minecraft:crouch_one_cm":96,"minecraft:play_time":26037,"minecraft:deaths":4,"minecraft:sneak_time":168,"minecraft:walk_under_water_one_cm":9646,"minecraft:damage_dealt_resisted":71,"minecraft:jump":388,"minecraft:leave_game":2,"minecraft:time_since_death":1616,"minecraft:walk_on_water_one_cm":8342,"minecraft:total_world_time":26037,"minecraft:climb_one_cm":626,"minecraft:fall_one_cm":13883},"minecraft:picked_up":{"projectvibrantjourneys:light_brown_bark_mushroom":1,"minecraft:stick":1,"minecraft:crafting_table":2,"minecraft:allium":1,"minecraft:leather":2,"minecraft:porkchop":3,"minecraft:oak_log":8,"minecraft:gunpowder":2,"minecraft:bone":2,"minecraft:rotten_flesh":4,"minecraft:slime_ball":1,"minecraft:wheat_seeds":1,"minecraft:beef":3,"minecraft:mangrove_roots":1,"minecraft:coal":1,"minecraft:cobblestone":28,"minecraft:furnace":1},"minecraft:crafted":{"minecraft:wooden_sword":1,"minecraft:oak_slab":6,"minecraft:oak_planks":32,"minecraft:cooked_porkchop":3,"minecraft:crafting_table":1,"minecraft:stick":12,"minecraft:wooden_pickaxe":1,"minecraft:stone_pickaxe":2,"minecraft:wooden_axe":1,"minecraft:furnace":1,"minecraft:torch":4,"minecraft:stone_axe":1,"minecraft:air":0},"minecraft:killed_by":{"hordes:zombie_player":1,"minecraft:spider":1,"minecraft:zombie":2},"minecraft:used":{"minecraft:wooden_axe":14,"minecraft:stone_pickaxe":17,"minecraft:bread":2,"minecraft:wooden_pickaxe":15,"minecraft:shield":4,"minecraft:rotten_flesh":3,"minecraft:stone_axe":11,"minecraft:wooden_sword":20,"minecraft:crafting_table":2,"minecraft:furnace":1,"minecraft:cooked_porkchop":1},"minecraft:mined":{"minecraft:furnace":1,"projectvibrantjourneys:bones":2,"minecraft:mangrove_roots":2,"minecraft:crafting_table":2,"minecraft:glow_lichen":1,"minecraft:grass":10,"projectvibrantjourneys:twigs":1,"minecraft:allium":1,"minecraft:oak_log":9,"minecraft:coal_ore":1,"projectvibrantjourneys:short_grass":4,"minecraft:tall_grass":12,"minecraft:stone":28,"minecraft:oak_leaves":3}},"DataVersion":3465}