{"stats":{"minecraft:used":{"minecraft:beetroot":1,"minecraft:stone_shovel":150,"minecraft:ladder":6,"tacz:gun_smith_table":2,"minecraft:chest":7,"minecraft:shield":19,"minecraft:cooked_chicken":2,"minecraft:rotten_flesh":5,"minecraft:oak_door":3,"minecraft:torch":77,"create:ochrum":1,"minecraft:dirt":103,"minecraft:carrot":17,"minecraft:tuff":1,"minecraft:granite":1,"farmersdelight:rope":3,"minecraft:wooden_axe":14,"minecraft:oak_stairs":1,"minecraft:iron_boots":1,"marbledsarsenal:katana":279,"minecraft:diamond_chestplate":1,"minecraft:golden_carrot":1,"minecraft:mangrove_roots":3,"minecraft:furnace":8,"minecraft:beetroot_seeds":1,"ecologics:walnut":4,"minecraft:egg":1,"minecraft:cooked_beef":1,"minecraft:cobbled_deepslate":70,"minecraft:pointed_dripstone":1,"alexsmobs:raw_catfish":1,"minecraft:water_bucket":1,"alexsmobs:cooked_catfish":18,"minecraft:mangrove_planks":7,"minecraft:stone_pickaxe":425,"minecraft:oak_planks":15,"minecraft:wooden_pickaxe":117,"minecraft:cherry_planks":48,"minecraft:crafting_table":22,"minecraft:oak_log":2,"minecraft:bread":2,"minecraft:iron_pickaxe":755,"minecraft:gravel":5,"minecraft:stone_axe":158,"comforts:rope_and_nail":2,"minecraft:wooden_sword":20,"minecraft:cobblestone":488,"minecraft:cooked_porkchop":6,"minecraft:bucket":2,"minecraft:yellow_bed":3},"minecraft:killed":{"hordes:zombie_player":5,"alexsmobs:tiger":1,"alexsmobs:raccoon":3,"minecraft:spider":1,"alexsmobs:tasmanian_devil":2,"minecraft:phantom":1,"minecraft:skeleton":1,"minecraft:chicken":2,"minecraft:pig":6,"alexsmobs:grizzly_bear":1,"minecraft:creeper":3,"alexsmobs:catfish":7,"minecraft:zombie":9,"ecologics:squirrel":1,"alexsmobs:fly":1,"minecraft:wither_skeleton":5,"minecraft:cow":2},"minecraft:picked_up":{"minecraft:mud":20,"minecraft:crafting_table":21,"minecraft:allium":1,"minecraft:chicken":4,"minecraft:brown_mushroom":19,"minecraft:oak_stairs":1,"minecraft:stone_brick_stairs":1,"minecraft:chain":1,"minecraft:shield":4,"alexsmobs:cooked_catfish":16,"minecraft:string":8,"minecraft:moss_carpet":7,"minecraft:raw_copper":69,"minecraft:iron_leggings":4,"minecraft:beetroot":2,"ecologics:walnut_sapling":1,"minecraft:cracked_stone_bricks":1,"minecraft:cobbled_deepslate":86,"minecraft:gold_nugget":42,"minecraft:beef":4,"minecraft:white_tulip":2,"minecraft:poppy":1,"minecraft:iron_pickaxe":5,"alexsmobs:raccoon_tail":1,"minecraft:chest":3,"minecraft:mangrove_log":4,"minecraft:furnace":1,"minecraft:raw_copper_block":8,"minecraft:iron_boots":5,"minecraft:egg":3,"minecraft:stick":13,"minecraft:raw_iron":97,"minecraft:jukebox":1,"minecraft:oak_door":3,"minecraft:torch":48,"minecraft:porkchop":16,"pointblank:gunmetal_nugget":50,"psg:sulphur":167,"minecraft:cherry_log":8,"marbledsarsenal:katana":5,"minecraft:pointed_dripstone":95,"minecraft:carrot":43,"minecraft:redstone":64,"minecraft:arrow":2,"minecraft:stone_shovel":4,"minecraft:rotten_flesh":18,"minecraft:diamond_chestplate":5,"minecraft:beetroot_seeds":3,"minecraft:peony":2,"create:ochrum":1,"k_turrets:raw_titanium":12,"minecraft:pink_tulip":2,"projectvibrantjourneys:cattail":12,"minecraft:mangrove_roots":5,"minecraft:gold_ingot":16,"minecraft:snowball":72,"minecraft:cobblestone":1156,"minecraft:pink_petals":68,"ecologics:walnut":4,"minecraft:feather":1,"minecraft:glow_ink_sac":1,"minecraft:cherry_planks":16,"projectvibrantjourneys:fallen_leaves":2,"minecraft:leather":3,"minecraft:red_mushroom":2,"minecraft:flint":2,"alexsmobs:bear_fur":1,"minecraft:tuff":2,"create:raw_zinc":26,"minecraft:oak_log":71,"minecraft:yellow_bed":3,"minecraft:gunpowder":10,"projectvibrantjourneys:oak_hollow_log":8,"minecraft:lapis_lazuli":12,"minecraft:dirt":314,"marbledsarsenal:swat_armor_helmet":4,"minecraft:bone":36,"minecraft:apple":6,"minecraft:wheat_seeds":18,"minecraft:raw_gold":5,"minecraft:iron_ingot":7,"marbledsapi:steel_ingot":1,"tacz:gun_smith_table":1,"minecraft:mangrove_planks":1,"minecraft:oak_planks":252,"projectvibrantjourneys:light_brown_bark_mushroom":4,"minecraft:cooked_porkchop":5,"psg:raw_potassium":15,"minecraft:stone_brick_slab":1,"minecraft:dripstone_block":41,"minecraft:gravel":15,"projectvibrantjourneys:bones":1,"minecraft:mossy_cobblestone":1,"alexsmobs:raw_catfish":24,"minecraft:slime_ball":1,"minecraft:diamond":20,"minecraft:stone_axe":4,"minecraft:iron_helmet":1,"minecraft:granite":3,"alexsmobs:maggot":1,"minecraft:mangrove_propagule":2,"minecraft:coal":136},"minecraft:broken":{"minecraft:wooden_pickaxe":1,"minecraft:stone_pickaxe":3,"minecraft:stone_axe":1,"minecraft:iron_pickaxe":2,"minecraft:stone_shovel":1},"minecraft:custom":{"minecraft:mob_kills":51,"minecraft:open_barrel":2,"minecraft:interact_with_crafting_table":89,"minecraft:damage_dealt_resisted":409,"minecraft:leave_game":5,"minecraft:time_since_death":2376,"minecraft:climb_one_cm":16978,"minecraft:sprint_one_cm":503386,"minecraft:walk_one_cm":706437,"minecraft:damage_blocked_by_shield":809,"minecraft:drop":52,"minecraft:talked_to_villager":4,"minecraft:play_time":277387,"minecraft:sneak_time":13863,"minecraft:deaths":17,"minecraft:walk_under_water_one_cm":41538,"minecraft:jump":2466,"minecraft:walk_on_water_one_cm":50570,"minecraft:total_world_time":277387,"minecraft:interact_with_furnace":79,"minecraft:sleep_in_bed":3,"minecraft:time_since_rest":2407,"minecraft:damage_taken":5794,"minecraft:damage_dealt":9621,"minecraft:swim_one_cm":15024,"minecraft:fly_one_cm":249685,"minecraft:open_chest":119,"minecraft:crouch_one_cm":25878,"minecraft:fall_one_cm":63032},"minecraft:killed_by":{"minecraft:spider":1,"hordes:zombie_player":2,"alexsmobs:tiger":2,"minecraft:zombie":7},"minecraft:crafted":{"minecraft:cherry_planks":32,"minecraft:wooden_sword":1,"minecraft:oak_planks":204,"minecraft:stone_shovel":1,"minecraft:cooked_chicken":2,"minecraft:furnace":8,"minecraft:raw_copper_block":6,"minecraft:iron_boots":1,"minecraft:ladder":6,"psg:potassium":3,"minecraft:stone_pickaxe":6,"minecraft:chest":7,"marbledsapi:steel_ingot":6,"alexsmobs:cooked_catfish":18,"marbledsarsenal:katana":1,"minecraft:cooked_beef":1,"minecraft:oak_slab":18,"marbledsapi:steel_sheet":4,"minecraft:cooked_porkchop":12,"minecraft:crafting_table":7,"minecraft:wooden_pickaxe":4,"minecraft:iron_helmet":1,"minecraft:iron_sword":1,"tacz:gun_smith_table":1,"minecraft:mangrove_planks":16,"minecraft:bucket":1,"minecraft:stone_axe":3,"marbledsarsenal:swat_armor_helmet":1,"minecraft:air":0,"minecraft:blue_dye":1,"marbledsapi:raw_steel":6,"minecraft:gold_nugget":9,"minecraft:shield":3,"minecraft:stick":80,"comforts:rope_and_nail":2,"minecraft:iron_ingot":80,"minecraft:iron_pickaxe":4,"minecraft:wooden_axe":1,"minecraft:iron_block":1,"minecraft:iron_leggings":1,"minecraft:gold_ingot":5,"minecraft:torch":88,"minecraft:diamond_chestplate":1},"minecraft:mined":{"create:zinc_ore":12,"create:deepslate_zinc_ore":1,"minecraft:tuff":1,"minecraft:mossy_cobblestone":2,"minecraft:deepslate_diamond_ore":10,"minecraft:cherry_log":8,"minecraft:mangrove_roots":7,"projectvibrantjourneys:rocks":5,"minecraft:glow_lichen":1,"psg:sulphur_ore":39,"minecraft:granite":1,"minecraft:allium":1,"minecraft:grass_block":26,"create:ochrum":1,"minecraft:spruce_leaves":23,"minecraft:red_mushroom":1,"tacz:gun_smith_table":1,"minecraft:mangrove_propagule":1,"minecraft:spawner":1,"minecraft:tall_seagrass":4,"minecraft:furnace":1,"minecraft:carrots":11,"minecraft:iron_ore":57,"minecraft:snow":35,"minecraft:cobbled_deepslate":6,"minecraft:deepslate_lapis_ore":1,"minecraft:pointed_dripstone":64,"minecraft:dirt_path":2,"minecraft:deepslate_iron_ore":24,"minecraft:oak_stairs":1,"minecraft:pink_tulip":1,"minecraft:stone":722,"projectvibrantjourneys:cattail":4,"minecraft:deepslate_redstone_ore":7,"minecraft:brown_mushroom":7,"minecraft:glass_pane":3,"minecraft:cherry_planks":16,"psg:potassium_ore":4,"minecraft:stone_brick_slab":1,"minecraft:crafting_table":17,"projectvibrantjourneys:twigs":1,"minecraft:poppy":1,"ecologics:walnut_leaves":25,"minecraft:mushroom_stem":4,"projectvibrantjourneys:mossy_rocks":2,"projectvibrantjourneys:natural_cobweb":1,"minecraft:copper_ore":22,"minecraft:tall_grass":55,"minecraft:cobblestone":57,"minecraft:deepslate_coal_ore":1,"minecraft:deepslate_gold_ore":4,"minecraft:lapis_ore":2,"minecraft:lily_pad":1,"projectvibrantjourneys:fallen_leaves":1,"minecraft:oak_planks":2,"minecraft:wall_torch":16,"minecraft:pink_petals":4,"minecraft:chain":1,"minecraft:mud":25,"projectvibrantjourneys:bones":10,"minecraft:jukebox":1,"minecraft:mangrove_planks":2,"minecraft:mangrove_leaves":1,"minecraft:stone_brick_stairs":1,"minecraft:bee_nest":1,"minecraft:yellow_bed":3,"minecraft:grass":82,"k_turrets:titanium_ore":12,"minecraft:oak_log":75,"minecraft:coal_ore":80,"minecraft:beetroots":2,"projectvibrantjourneys:short_grass":26,"minecraft:gravel":17,"minecraft:dripstone_block":25,"minecraft:dirt":135,"minecraft:mangrove_log":4,"minecraft:cracked_stone_bricks":1,"minecraft:raw_copper_block":1,"minecraft:red_mushroom_block":3,"minecraft:gold_ore":1,"projectvibrantjourneys:oak_hollow_log":9,"minecraft:oak_leaves":26,"minecraft:deepslate":81},"minecraft:dropped":{"minecraft:wheat_seeds":2,"minecraft:mangrove_propagule":2,"minecraft:feather":1,"ecologics:walnut_sapling":1,"projectvibrantjourneys:bones":1,"minecraft:granite":2,"minecraft:coal":4,"minecraft:red_mushroom":1,"minecraft:dirt":8,"minecraft:torch":1,"projectvibrantjourneys:fallen_leaves":2,"minecraft:gold_nugget":35,"minecraft:mud":12,"minecraft:moss_carpet":7,"minecraft:cobbled_deepslate":7,"minecraft:tuff":1,"minecraft:pointed_dripstone":38,"minecraft:rotten_flesh":4,"minecraft:oak_planks":1,"alexsmobs:bear_fur":1,"minecraft:wooden_pickaxe":1}},"DataVersion":3465}