{"stats":{"minecraft:killed":{"hordes:zombie_player":1,"alexsmobs:raccoon":1,"minecraft:spider":1,"minecraft:chicken":2,"minecraft:pig":3,"minecraft:creeper":1,"alexsmobs:catfish":7,"minecraft:zombie":1,"ecologics:squirrel":1,"minecraft:wither_skeleton":5,"minecraft:cow":1},"minecraft:custom":{"minecraft:mob_kills":24,"minecraft:interact_with_crafting_table":53,"minecraft:damage_dealt_resisted":76,"minecraft:leave_game":2,"minecraft:time_since_death":2659,"minecraft:climb_one_cm":1335,"minecraft:sprint_one_cm":224446,"minecraft:walk_one_cm":351712,"minecraft:damage_blocked_by_shield":136,"minecraft:drop":50,"minecraft:talked_to_villager":4,"minecraft:play_time":152037,"minecraft:deaths":8,"minecraft:sneak_time":9016,"minecraft:walk_under_water_one_cm":29976,"minecraft:jump":1436,"minecraft:walk_on_water_one_cm":33323,"minecraft:total_world_time":152037,"minecraft:interact_with_furnace":37,"minecraft:time_since_rest":2734,"minecraft:damage_taken":2661,"minecraft:damage_dealt":4408,"minecraft:swim_one_cm":14983,"minecraft:fly_one_cm":106452,"minecraft:open_chest":16,"minecraft:crouch_one_cm":16895,"minecraft:fall_one_cm":25044},"minecraft:picked_up":{"minecraft:mud":12,"minecraft:crafting_table":13,"minecraft:allium":1,"minecraft:chicken":4,"minecraft:brown_mushroom":18,"minecraft:shield":2,"minecraft:string":2,"minecraft:moss_carpet":7,"minecraft:raw_copper":64,"minecraft:iron_leggings":1,"ecologics:walnut_sapling":1,"minecraft:gold_nugget":42,"minecraft:cobbled_deepslate":64,"minecraft:beef":3,"minecraft:iron_pickaxe":1,"minecraft:iron_boots":1,"minecraft:egg":3,"minecraft:raw_copper_block":8,"minecraft:furnace":1,"minecraft:stick":4,"minecraft:raw_iron":76,"minecraft:oak_door":1,"minecraft:torch":35,"minecraft:porkchop":11,"pointblank:gunmetal_nugget":10,"psg:sulphur":149,"marbledsarsenal:katana":1,"minecraft:pointed_dripstone":39,"minecraft:redstone":64,"minecraft:diamond_chestplate":1,"minecraft:rotten_flesh":10,"create:ochrum":1,"k_turrets:raw_titanium":9,"minecraft:gold_ingot":4,"minecraft:mangrove_roots":4,"minecraft:cobblestone":585,"ecologics:walnut":4,"minecraft:feather":1,"projectvibrantjourneys:fallen_leaves":2,"minecraft:leather":2,"minecraft:red_mushroom":1,"minecraft:tuff":2,"create:raw_zinc":26,"minecraft:oak_log":29,"minecraft:gunpowder":2,"projectvibrantjourneys:oak_hollow_log":8,"minecraft:lapis_lazuli":8,"minecraft:dirt":28,"marbledsarsenal:swat_armor_helmet":1,"minecraft:bone":26,"minecraft:apple":2,"minecraft:wheat_seeds":5,"minecraft:raw_gold":5,"minecraft:iron_ingot":4,"marbledsapi:steel_ingot":1,"minecraft:oak_planks":55,"projectvibrantjourneys:light_brown_bark_mushroom":3,"psg:raw_potassium":14,"minecraft:dripstone_block":36,"minecraft:gravel":2,"projectvibrantjourneys:bones":1,"alexsmobs:raw_catfish":24,"minecraft:slime_ball":1,"minecraft:diamond":12,"minecraft:stone_axe":1,"minecraft:iron_helmet":1,"minecraft:granite":3,"minecraft:coal":47,"minecraft:mangrove_propagule":2},"minecraft:crafted":{"minecraft:wooden_sword":1,"minecraft:oak_planks":124,"minecraft:furnace":5,"minecraft:raw_copper_block":6,"minecraft:iron_boots":1,"minecraft:stone_pickaxe":5,"minecraft:chest":1,"marbledsapi:steel_ingot":6,"alexsmobs:cooked_catfish":14,"marbledsarsenal:katana":1,"minecraft:oak_slab":6,"marbledsapi:steel_sheet":4,"minecraft:cooked_porkchop":3,"minecraft:crafting_table":3,"minecraft:wooden_pickaxe":2,"minecraft:iron_helmet":1,"minecraft:stone_axe":2,"marbledsarsenal:swat_armor_helmet":1,"minecraft:air":0,"minecraft:blue_dye":1,"marbledsapi:raw_steel":6,"minecraft:gold_nugget":9,"minecraft:shield":1,"minecraft:stick":40,"minecraft:iron_ingot":42,"minecraft:iron_pickaxe":2,"minecraft:wooden_axe":1,"minecraft:gold_ingot":5,"minecraft:iron_leggings":1,"minecraft:torch":56,"minecraft:diamond_chestplate":1},"minecraft:killed_by":{"minecraft:spider":1,"hordes:zombie_player":1,"minecraft:zombie":5},"minecraft:used":{"minecraft:chest":1,"minecraft:shield":4,"minecraft:rotten_flesh":5,"minecraft:oak_door":1,"minecraft:torch":51,"create:ochrum":1,"minecraft:dirt":20,"minecraft:tuff":1,"minecraft:granite":1,"minecraft:wooden_axe":14,"marbledsarsenal:katana":84,"minecraft:mangrove_roots":3,"minecraft:furnace":5,"ecologics:walnut":4,"minecraft:egg":1,"minecraft:cobbled_deepslate":57,"minecraft:pointed_dripstone":1,"alexsmobs:cooked_catfish":14,"minecraft:stone_pickaxe":412,"minecraft:oak_planks":2,"minecraft:wooden_pickaxe":74,"minecraft:crafting_table":15,"minecraft:oak_log":2,"minecraft:bread":2,"minecraft:iron_pickaxe":360,"minecraft:gravel":2,"minecraft:stone_axe":73,"minecraft:wooden_sword":20,"minecraft:cobblestone":340,"minecraft:cooked_porkchop":1},"minecraft:broken":{"minecraft:wooden_pickaxe":1,"minecraft:stone_pickaxe":3,"minecraft:iron_pickaxe":1},"minecraft:mined":{"create:zinc_ore":12,"create:deepslate_zinc_ore":1,"minecraft:tuff":1,"minecraft:deepslate_diamond_ore":10,"minecraft:mangrove_roots":6,"projectvibrantjourneys:rocks":4,"psg:sulphur_ore":35,"minecraft:glow_lichen":1,"minecraft:granite":1,"minecraft:allium":1,"minecraft:grass_block":7,"create:ochrum":1,"minecraft:spruce_leaves":23,"minecraft:mangrove_propagule":1,"minecraft:tall_seagrass":4,"minecraft:furnace":1,"minecraft:iron_ore":42,"minecraft:cobbled_deepslate":3,"minecraft:pointed_dripstone":25,"minecraft:deepslate_iron_ore":18,"minecraft:stone":450,"minecraft:deepslate_redstone_ore":7,"minecraft:brown_mushroom":6,"psg:potassium_ore":4,"minecraft:crafting_table":13,"projectvibrantjourneys:twigs":1,"ecologics:walnut_leaves":25,"projectvibrantjourneys:mossy_rocks":2,"minecraft:tall_grass":23,"minecraft:copper_ore":21,"minecraft:cobblestone":31,"minecraft:deepslate_coal_ore":1,"minecraft:lapis_ore":2,"minecraft:deepslate_gold_ore":4,"minecraft:lily_pad":1,"projectvibrantjourneys:fallen_leaves":1,"minecraft:oak_planks":1,"minecraft:wall_torch":16,"minecraft:mud":13,"projectvibrantjourneys:bones":5,"minecraft:grass":26,"k_turrets:titanium_ore":9,"minecraft:oak_log":30,"minecraft:coal_ore":42,"projectvibrantjourneys:short_grass":9,"minecraft:gravel":2,"minecraft:dripstone_block":18,"minecraft:dirt":32,"minecraft:raw_copper_block":1,"minecraft:gold_ore":1,"minecraft:oak_leaves":15,"projectvibrantjourneys:oak_hollow_log":9,"minecraft:deepslate":62},"minecraft:dropped":{"minecraft:wheat_seeds":2,"minecraft:feather":1,"minecraft:mangrove_propagule":2,"ecologics:walnut_sapling":1,"projectvibrantjourneys:bones":1,"minecraft:granite":2,"minecraft:coal":4,"minecraft:red_mushroom":1,"minecraft:dirt":8,"minecraft:torch":1,"projectvibrantjourneys:fallen_leaves":2,"minecraft:gold_nugget":35,"minecraft:mud":12,"minecraft:moss_carpet":7,"minecraft:cobbled_deepslate":7,"minecraft:tuff":1,"minecraft:pointed_dripstone":38,"minecraft:rotten_flesh":4,"minecraft:oak_planks":1}},"DataVersion":3465}