{"stats":{"minecraft:killed":{"minecraft:spider":1,"minecraft:skeleton":1,"minecraft:chicken":14,"minecraft:pig":5,"minecraft:salmon":4,"minecraft:sheep":2,"minecraft:zombie":4,"minecraft:cow":10},"minecraft:custom":{"minecraft:mob_kills":42,"minecraft:interact_with_crafting_table":32,"minecraft:damage_dealt_resisted":116,"minecraft:time_since_death":23911,"minecraft:climb_one_cm":2819,"minecraft:sprint_one_cm":354878,"minecraft:walk_one_cm":498408,"minecraft:damage_blocked_by_shield":271,"minecraft:drop":48,"minecraft:talked_to_villager":2,"minecraft:play_time":166479,"minecraft:deaths":13,"minecraft:sneak_time":11969,"minecraft:walk_under_water_one_cm":25287,"minecraft:jump":2958,"minecraft:interact_with_blast_furnace":1,"minecraft:walk_on_water_one_cm":37697,"minecraft:total_world_time":166479,"minecraft:interact_with_furnace":73,"minecraft:sleep_in_bed":2,"minecraft:time_since_rest":24072,"minecraft:damage_taken":4621,"minecraft:damage_dealt":3814,"minecraft:swim_one_cm":98101,"minecraft:fly_one_cm":475821,"minecraft:player_kills":1,"minecraft:open_chest":18,"minecraft:crouch_one_cm":43599,"minecraft:fall_one_cm":75405},"minecraft:picked_up":{"minecraft:iron_chestplate":2,"minecraft:crafting_table":6,"minecraft:chicken":14,"minecraft:brown_mushroom":1,"minecraft:shield":2,"minecraft:wooden_sword":1,"minecraft:bucket":1,"minecraft:beef":21,"minecraft:birch_sapling":1,"minecraft:furnace":7,"minecraft:egg":2,"minecraft:stick":14,"minecraft:raw_iron":81,"ecologics:walnut_log":2,"minecraft:torch":94,"minecraft:porkchop":13,"pointblank:gunmetal_nugget":4,"psg:sulphur":169,"minecraft:cherry_log":7,"minecraft:carrot":15,"minecraft:stone_sword":4,"minecraft:arrow":3,"minecraft:rotten_flesh":6,"k_turrets:raw_titanium":30,"minecraft:mutton":7,"minecraft:white_wool":3,"minecraft:cobblestone":609,"minecraft:feather":25,"minecraft:cooked_beef":3,"minecraft:cherry_planks":22,"minecraft:salmon":4,"minecraft:andesite":322,"minecraft:leather":10,"minecraft:potato":2,"minecraft:birch_planks":3,"minecraft:flint":3,"minecraft:tuff":1,"create:raw_zinc":10,"minecraft:oak_log":21,"minecraft:gunpowder":3,"projectvibrantjourneys:oak_hollow_log":2,"minecraft:lapis_lazuli":8,"minecraft:dirt":103,"minecraft:cooked_mutton":1,"minecraft:bone":4,"minecraft:apple":2,"minecraft:wheat_seeds":29,"minecraft:stone_pickaxe":3,"minecraft:oak_planks":10,"projectvibrantjourneys:light_brown_bark_mushroom":1,"psg:raw_potassium":39,"minecraft:gravel":15,"minecraft:white_bed":2,"alexsmobs:animal_dictionary":1,"minecraft:emerald":2,"minecraft:oak_sapling":13,"minecraft:bricks":1,"minecraft:coal":422},"minecraft:crafted":{"minecraft:cherry_planks":28,"minecraft:wooden_sword":1,"minecraft:oak_planks":88,"minecraft:cooked_chicken":14,"ecologics:walnut_planks":8,"minecraft:furnace":6,"minecraft:cooked_mutton":4,"minecraft:iron_boots":1,"psg:potassium":6,"minecraft:stone_pickaxe":10,"minecraft:cooked_beef":9,"minecraft:cooked_porkchop":11,"minecraft:crafting_table":8,"minecraft:wooden_pickaxe":4,"minecraft:iron_helmet":1,"minecraft:iron_sword":2,"minecraft:cooked_salmon":2,"minecraft:air":0,"minecraft:iron_chestplate":1,"minecraft:shield":1,"minecraft:stick":64,"minecraft:iron_ingot":41,"minecraft:iron_pickaxe":2,"minecraft:stone_sword":1,"minecraft:iron_leggings":1,"minecraft:torch":92},"minecraft:killed_by":{"minecraft:spider":1,"minecraft:enderman":1,"hordes:zombie_player":1,"alexsmobs:murmur_head":1,"mutantmonsters:mutant_skeleton":1,"minecraft:skeleton":2,"minecraft:zombie":4,"alexsmobs:grizzly_bear":1},"minecraft:used":{"minecraft:stone_sword":53,"minecraft:shield":6,"minecraft:iron_sword":8,"minecraft:cooked_salmon":2,"minecraft:cooked_chicken":6,"minecraft:iron_chestplate":1,"minecraft:torch":78,"minecraft:dirt":26,"minecraft:furnace":9,"minecraft:egg":1,"minecraft:cooked_beef":10,"minecraft:wheat_seeds":2,"minecraft:stone_pickaxe":956,"minecraft:oak_planks":1,"minecraft:wooden_pickaxe":128,"minecraft:brown_mushroom":1,"minecraft:salmon":2,"minecraft:crafting_table":12,"minecraft:white_bed":1,"minecraft:apple":1,"minecraft:iron_pickaxe":20,"minecraft:wooden_sword":94,"minecraft:cobblestone":54,"minecraft:cooked_porkchop":8,"minecraft:andesite":48},"minecraft:broken":{"minecraft:wooden_pickaxe":2,"minecraft:stone_pickaxe":6},"minecraft:mined":{"create:zinc_ore":10,"minecraft:tuff":1,"minecraft:white_bed":1,"minecraft:cherry_log":7,"farmersdelight:wild_carrots":4,"psg:sulphur_ore":22,"minecraft:grass_block":23,"minecraft:furnace":6,"minecraft:carrots":6,"minecraft:iron_ore":42,"minecraft:andesite":263,"create:asurine":2,"minecraft:potatoes":2,"ecologics:walnut_log":2,"minecraft:stone":559,"minecraft:crafting_table":6,"minecraft:torch":1,"projectvibrantjourneys:twigs":1,"minecraft:emerald_ore":2,"projectvibrantjourneys:mossy_rocks":2,"minecraft:tall_grass":26,"minecraft:cobblestone":1,"minecraft:lapis_ore":2,"minecraft:oak_planks":1,"minecraft:bricks":1,"minecraft:wall_torch":9,"minecraft:birch_planks":2,"minecraft:wheat":1,"projectvibrantjourneys:bones":2,"minecraft:mangrove_leaves":1,"minecraft:grass":21,"k_turrets:titanium_ore":14,"minecraft:oak_log":21,"minecraft:coal_ore":147,"projectvibrantjourneys:short_grass":38,"minecraft:gravel":18,"minecraft:dirt":80,"projectvibrantjourneys:oak_hollow_log":2,"minecraft:oak_leaves":2},"minecraft:dropped":{"minecraft:birch_planks":1,"minecraft:wheat_seeds":26,"minecraft:cooked_beef":2,"minecraft:cobblestone":187,"minecraft:coal":18,"minecraft:stick":1,"minecraft:dirt":1,"minecraft:white_wool":1,"minecraft:bucket":1,"minecraft:bone":1,"minecraft:stone_sword":1,"minecraft:birch_sapling":1,"minecraft:rotten_flesh":2,"minecraft:oak_planks":15,"minecraft:white_bed":1,"pointblank:gunmetal_nugget":1,"minecraft:shield":1,"minecraft:gunpowder":1,"minecraft:andesite":185,"minecraft:oak_sapling":13,"minecraft:wooden_pickaxe":2,"minecraft:egg":1}},"DataVersion":3465}