{"stats":{"minecraft:killed":{"minecraft:pig":1,"minecraft:salmon":4,"minecraft:spider":1,"minecraft:sheep":1,"minecraft:zombie":1,"minecraft:chicken":2,"minecraft:cow":4},"minecraft:custom":{"minecraft:interact_with_furnace":16,"minecraft:mob_kills":14,"minecraft:interact_with_crafting_table":6,"minecraft:damage_dealt_resisted":12,"minecraft:time_since_death":24923,"minecraft:climb_one_cm":154,"minecraft:time_since_rest":24987,"minecraft:sprint_one_cm":68830,"minecraft:damage_taken":1063,"minecraft:walk_one_cm":114514,"minecraft:damage_blocked_by_shield":30,"minecraft:drop":19,"minecraft:damage_dealt":955,"minecraft:swim_one_cm":49956,"minecraft:fly_one_cm":85326,"minecraft:crouch_one_cm":9264,"minecraft:play_time":40479,"minecraft:deaths":3,"minecraft:sneak_time":2206,"minecraft:walk_under_water_one_cm":9214,"minecraft:jump":635,"minecraft:walk_on_water_one_cm":20246,"minecraft:total_world_time":40479,"minecraft:fall_one_cm":17113},"minecraft:picked_up":{"minecraft:crafting_table":2,"minecraft:feather":2,"minecraft:cooked_beef":1,"minecraft:chicken":2,"minecraft:andesite":43,"minecraft:salmon":4,"minecraft:leather":4,"minecraft:brown_mushroom":1,"minecraft:birch_planks":2,"minecraft:tuff":1,"minecraft:oak_log":13,"minecraft:shield":1,"projectvibrantjourneys:oak_hollow_log":2,"minecraft:dirt":2,"minecraft:wooden_sword":1,"minecraft:apple":2,"minecraft:wheat_seeds":3,"minecraft:beef":4,"minecraft:stone_pickaxe":1,"minecraft:oak_planks":9,"minecraft:furnace":2,"minecraft:stick":4,"psg:raw_potassium":6,"minecraft:porkchop":2,"psg:sulphur":61,"minecraft:carrot":4,"alexsmobs:animal_dictionary":1,"k_turrets:raw_titanium":18,"minecraft:oak_sapling":11,"minecraft:coal":69,"minecraft:mutton":4,"minecraft:white_wool":1,"minecraft:cobblestone":223},"minecraft:crafted":{"minecraft:cooked_beef":4,"minecraft:oak_planks":56,"minecraft:crafting_table":2,"minecraft:wooden_pickaxe":2,"minecraft:cooked_chicken":2,"minecraft:furnace":1,"minecraft:cooked_salmon":2,"minecraft:cooked_mutton":4,"minecraft:air":0,"minecraft:stick":16,"minecraft:stone_pickaxe":3,"minecraft:stone_sword":1},"minecraft:killed_by":{"minecraft:skeleton":1,"alexsmobs:grizzly_bear":1,"minecraft:enderman":1},"minecraft:used":{"minecraft:stone_sword":6,"minecraft:stone_pickaxe":221,"minecraft:shield":1,"minecraft:wooden_pickaxe":62,"minecraft:salmon":2,"minecraft:crafting_table":4,"minecraft:apple":1,"minecraft:wooden_sword":46,"minecraft:cobblestone":8,"minecraft:furnace":2,"minecraft:cooked_beef":3},"minecraft:broken":{"minecraft:stone_pickaxe":1,"minecraft:wooden_pickaxe":1},"minecraft:mined":{"minecraft:tuff":1,"farmersdelight:wild_carrots":4,"psg:sulphur_ore":14,"minecraft:crafting_table":2,"minecraft:grass_block":1,"minecraft:cobblestone":1,"minecraft:tall_grass":9,"minecraft:birch_planks":2,"minecraft:furnace":1,"minecraft:andesite":42,"k_turrets:titanium_ore":9,"minecraft:grass":8,"minecraft:coal_ore":42,"minecraft:oak_log":13,"projectvibrantjourneys:short_grass":18,"minecraft:dirt":1,"minecraft:stone":163,"projectvibrantjourneys:oak_hollow_log":2},"minecraft:dropped":{"minecraft:wheat_seeds":2,"minecraft:cooked_beef":1,"minecraft:oak_planks":10,"minecraft:dirt":1,"minecraft:andesite":41,"minecraft:oak_sapling":11,"minecraft:wooden_pickaxe":1,"minecraft:white_wool":1}},"DataVersion":3465}