{"stats":{"minecraft:killed":{"minecraft:spider":1,"minecraft:chicken":8,"minecraft:pig":5,"minecraft:salmon":4,"minecraft:sheep":1,"minecraft:zombie":4,"minecraft:cow":10},"minecraft:custom":{"minecraft:mob_kills":34,"minecraft:interact_with_crafting_table":26,"minecraft:damage_dealt_resisted":72,"minecraft:time_since_death":25953,"minecraft:climb_one_cm":2425,"minecraft:sprint_one_cm":235083,"minecraft:walk_one_cm":380180,"minecraft:damage_blocked_by_shield":40,"minecraft:drop":46,"minecraft:talked_to_villager":2,"minecraft:play_time":124479,"minecraft:deaths":9,"minecraft:sneak_time":9739,"minecraft:walk_under_water_one_cm":9991,"minecraft:jump":2133,"minecraft:interact_with_blast_furnace":1,"minecraft:walk_on_water_one_cm":24387,"minecraft:total_world_time":124479,"minecraft:interact_with_furnace":62,"minecraft:sleep_in_bed":2,"minecraft:time_since_rest":25978,"minecraft:damage_taken":3130,"minecraft:damage_dealt":3114,"minecraft:swim_one_cm":52942,"minecraft:fly_one_cm":348477,"minecraft:player_kills":1,"minecraft:open_chest":18,"minecraft:crouch_one_cm":35006,"minecraft:fall_one_cm":53591},"minecraft:picked_up":{"minecraft:crafting_table":5,"minecraft:chicken":8,"minecraft:brown_mushroom":1,"minecraft:shield":1,"minecraft:wooden_sword":1,"minecraft:bucket":1,"minecraft:beef":21,"minecraft:birch_sapling":1,"minecraft:furnace":5,"minecraft:egg":2,"minecraft:stick":7,"minecraft:raw_iron":18,"ecologics:walnut_log":2,"minecraft:torch":12,"minecraft:porkchop":10,"pointblank:gunmetal_nugget":1,"psg:sulphur":97,"minecraft:cherry_log":7,"minecraft:carrot":4,"minecraft:stone_sword":2,"minecraft:rotten_flesh":6,"k_turrets:raw_titanium":22,"minecraft:mutton":6,"minecraft:white_wool":2,"minecraft:cobblestone":536,"minecraft:feather":8,"minecraft:cooked_beef":1,"minecraft:salmon":4,"minecraft:andesite":253,"minecraft:leather":10,"minecraft:birch_planks":3,"minecraft:flint":3,"minecraft:tuff":1,"minecraft:oak_log":21,"minecraft:gunpowder":1,"projectvibrantjourneys:oak_hollow_log":2,"minecraft:dirt":99,"minecraft:bone":3,"minecraft:apple":2,"minecraft:wheat_seeds":27,"minecraft:stone_pickaxe":1,"minecraft:oak_planks":10,"projectvibrantjourneys:light_brown_bark_mushroom":1,"psg:raw_potassium":12,"minecraft:gravel":15,"minecraft:white_bed":2,"alexsmobs:animal_dictionary":1,"minecraft:emerald":2,"minecraft:oak_sapling":13,"minecraft:bricks":1,"minecraft:coal":213},"minecraft:crafted":{"minecraft:cherry_planks":28,"minecraft:wooden_sword":1,"minecraft:oak_planks":88,"minecraft:cooked_chicken":8,"ecologics:walnut_planks":8,"minecraft:furnace":4,"minecraft:cooked_mutton":4,"psg:potassium":6,"minecraft:stone_pickaxe":9,"minecraft:cooked_beef":9,"minecraft:cooked_porkchop":8,"minecraft:crafting_table":6,"minecraft:wooden_pickaxe":4,"minecraft:iron_sword":1,"minecraft:cooked_salmon":2,"minecraft:air":0,"minecraft:iron_chestplate":1,"minecraft:shield":1,"minecraft:stick":60,"minecraft:iron_ingot":14,"minecraft:iron_pickaxe":1,"minecraft:stone_sword":1,"minecraft:torch":92},"minecraft:killed_by":{"minecraft:enderman":1,"hordes:zombie_player":1,"alexsmobs:murmur_head":1,"minecraft:skeleton":2,"minecraft:zombie":2,"alexsmobs:grizzly_bear":1},"minecraft:used":{"minecraft:stone_sword":44,"minecraft:shield":2,"minecraft:iron_sword":2,"minecraft:cooked_salmon":2,"minecraft:cooked_chicken":2,"minecraft:torch":28,"minecraft:dirt":26,"minecraft:furnace":7,"minecraft:egg":1,"minecraft:cooked_beef":8,"minecraft:stone_pickaxe":826,"minecraft:oak_planks":1,"minecraft:wooden_pickaxe":128,"minecraft:brown_mushroom":1,"minecraft:salmon":2,"minecraft:crafting_table":10,"minecraft:white_bed":1,"minecraft:apple":1,"minecraft:iron_pickaxe":8,"minecraft:wooden_sword":94,"minecraft:cobblestone":36,"minecraft:cooked_porkchop":8,"minecraft:andesite":2},"minecraft:broken":{"minecraft:wooden_pickaxe":2,"minecraft:stone_pickaxe":5},"minecraft:mined":{"minecraft:tuff":1,"minecraft:white_bed":1,"minecraft:cherry_log":7,"farmersdelight:wild_carrots":4,"psg:sulphur_ore":22,"minecraft:grass_block":19,"minecraft:furnace":4,"minecraft:iron_ore":18,"minecraft:andesite":255,"create:asurine":2,"ecologics:walnut_log":2,"minecraft:stone":485,"minecraft:crafting_table":5,"minecraft:torch":1,"projectvibrantjourneys:twigs":1,"minecraft:emerald_ore":2,"projectvibrantjourneys:mossy_rocks":1,"minecraft:tall_grass":26,"minecraft:cobblestone":1,"minecraft:oak_planks":1,"minecraft:bricks":1,"minecraft:wall_torch":9,"minecraft:birch_planks":2,"projectvibrantjourneys:bones":1,"minecraft:mangrove_leaves":1,"minecraft:grass":20,"k_turrets:titanium_ore":14,"minecraft:oak_log":21,"minecraft:coal_ore":133,"projectvibrantjourneys:short_grass":37,"minecraft:gravel":18,"minecraft:dirt":80,"projectvibrantjourneys:oak_hollow_log":2,"minecraft:oak_leaves":2},"minecraft:dropped":{"minecraft:birch_planks":1,"minecraft:wheat_seeds":26,"minecraft:cooked_beef":2,"minecraft:cobblestone":187,"minecraft:stick":1,"minecraft:dirt":1,"minecraft:white_wool":1,"minecraft:bucket":1,"minecraft:bone":1,"minecraft:stone_sword":1,"minecraft:birch_sapling":1,"minecraft:rotten_flesh":2,"minecraft:oak_planks":15,"minecraft:white_bed":1,"pointblank:gunmetal_nugget":1,"minecraft:gunpowder":1,"minecraft:andesite":185,"minecraft:oak_sapling":13,"minecraft:wooden_pickaxe":2,"minecraft:egg":1}},"DataVersion":3465}