{"stats":{"minecraft:custom":{"minecraft:time_since_rest":4479,"minecraft:crouch_one_cm":184,"minecraft:play_time":4479,"minecraft:sprint_one_cm":1950,"minecraft:damage_taken":40,"minecraft:walk_one_cm":10311,"minecraft:sneak_time":85,"minecraft:drop":10,"minecraft:jump":24,"minecraft:walk_on_water_one_cm":1905,"minecraft:time_since_death":4479,"minecraft:total_world_time":4479,"minecraft:climb_one_cm":102,"minecraft:interact_with_crafting_table":2,"minecraft:fall_one_cm":989,"minecraft:fly_one_cm":1611},"minecraft:picked_up":{"minecraft:apple":1,"k_turrets:raw_titanium":7,"minecraft:oak_log":7,"minecraft:oak_sapling":9,"minecraft:coal":5,"minecraft:cobblestone":15},"minecraft:crafted":{"minecraft:oak_planks":28,"minecraft:crafting_table":1,"minecraft:stick":4,"minecraft:wooden_pickaxe":1,"minecraft:stone_pickaxe":1},"minecraft:used":{"minecraft:crafting_table":1,"minecraft:stone_pickaxe":16,"minecraft:wooden_pickaxe":13},"minecraft:mined":{"k_turrets:titanium_ore":7,"minecraft:coal_ore":5,"minecraft:oak_log":7,"projectvibrantjourneys:short_grass":1,"minecraft:stone":17},"minecraft:dropped":{"minecraft:oak_planks":10,"minecraft:oak_sapling":9}},"DataVersion":3465}