{"stats":{"minecraft:killed":{"minecraft:pig":1,"minecraft:salmon":4,"minecraft:spider":1,"minecraft:sheep":1,"minecraft:zombie":4,"minecraft:chicken":4,"minecraft:cow":9},"minecraft:custom":{"minecraft:interact_with_furnace":27,"minecraft:mob_kills":25,"minecraft:interact_with_crafting_table":9,"minecraft:damage_dealt_resisted":72,"minecraft:time_since_death":4794,"minecraft:sleep_in_bed":2,"minecraft:climb_one_cm":379,"minecraft:time_since_rest":4823,"minecraft:sprint_one_cm":194475,"minecraft:damage_taken":2576,"minecraft:walk_one_cm":224381,"minecraft:damage_blocked_by_shield":30,"minecraft:drop":34,"minecraft:damage_dealt":2329,"minecraft:swim_one_cm":52942,"minecraft:player_kills":1,"minecraft:fly_one_cm":293627,"minecraft:open_chest":10,"minecraft:crouch_one_cm":13163,"minecraft:play_time":76479,"minecraft:deaths":8,"minecraft:sneak_time":3261,"minecraft:walk_under_water_one_cm":9629,"minecraft:jump":1581,"minecraft:walk_on_water_one_cm":20745,"minecraft:total_world_time":76479,"minecraft:fall_one_cm":42708},"minecraft:picked_up":{"minecraft:crafting_table":3,"minecraft:feather":3,"minecraft:cooked_beef":1,"minecraft:chicken":4,"minecraft:andesite":59,"minecraft:salmon":4,"minecraft:leather":9,"minecraft:brown_mushroom":1,"minecraft:birch_planks":3,"minecraft:flint":3,"minecraft:tuff":1,"minecraft:oak_log":17,"minecraft:gunpowder":1,"minecraft:shield":1,"projectvibrantjourneys:oak_hollow_log":2,"minecraft:dirt":78,"minecraft:wooden_sword":1,"minecraft:bone":2,"minecraft:apple":2,"minecraft:wheat_seeds":24,"minecraft:bucket":1,"minecraft:beef":19,"minecraft:stone_pickaxe":1,"minecraft:birch_sapling":1,"minecraft:oak_planks":9,"minecraft:egg":1,"minecraft:furnace":2,"projectvibrantjourneys:light_brown_bark_mushroom":1,"minecraft:stick":4,"ecologics:walnut_log":2,"psg:raw_potassium":6,"minecraft:torch":2,"minecraft:gravel":15,"pointblank:gunmetal_nugget":1,"minecraft:porkchop":2,"psg:sulphur":61,"minecraft:white_bed":2,"minecraft:carrot":4,"alexsmobs:animal_dictionary":1,"minecraft:stone_sword":2,"minecraft:rotten_flesh":6,"k_turrets:raw_titanium":18,"minecraft:oak_sapling":11,"minecraft:coal":69,"minecraft:mutton":6,"minecraft:white_wool":2,"minecraft:cobblestone":264},"minecraft:crafted":{"minecraft:cooked_beef":4,"minecraft:wooden_sword":1,"minecraft:oak_planks":72,"minecraft:crafting_table":4,"ecologics:walnut_planks":8,"minecraft:wooden_pickaxe":3,"minecraft:cooked_chicken":2,"minecraft:furnace":1,"minecraft:cooked_salmon":2,"minecraft:cooked_mutton":4,"minecraft:air":0,"minecraft:stick":28,"psg:potassium":6,"minecraft:stone_pickaxe":3,"minecraft:stone_sword":1,"minecraft:torch":32},"minecraft:killed_by":{"minecraft:skeleton":2,"minecraft:zombie":2,"alexsmobs:grizzly_bear":1,"minecraft:enderman":1,"hordes:zombie_player":1,"alexsmobs:murmur_head":1},"minecraft:used":{"minecraft:stone_sword":25,"minecraft:stone_pickaxe":222,"minecraft:shield":1,"minecraft:wooden_pickaxe":123,"minecraft:brown_mushroom":1,"minecraft:cooked_salmon":2,"minecraft:torch":4,"minecraft:salmon":2,"minecraft:dirt":10,"minecraft:crafting_table":6,"minecraft:apple":1,"minecraft:wooden_sword":94,"minecraft:cobblestone":8,"minecraft:furnace":3,"minecraft:cooked_beef":3},"minecraft:broken":{"minecraft:stone_pickaxe":1,"minecraft:wooden_pickaxe":2},"minecraft:mined":{"minecraft:tuff":1,"minecraft:white_bed":1,"farmersdelight:wild_carrots":4,"psg:sulphur_ore":14,"minecraft:crafting_table":3,"minecraft:grass_block":15,"minecraft:cobblestone":1,"minecraft:tall_grass":23,"minecraft:wall_torch":2,"minecraft:birch_planks":2,"minecraft:furnace":1,"minecraft:andesite":58,"minecraft:mangrove_leaves":1,"k_turrets:titanium_ore":9,"minecraft:grass":16,"minecraft:coal_ore":42,"minecraft:oak_log":17,"projectvibrantjourneys:short_grass":24,"minecraft:gravel":18,"minecraft:dirt":63,"ecologics:walnut_log":2,"minecraft:stone":204,"projectvibrantjourneys:oak_hollow_log":2},"minecraft:dropped":{"minecraft:birch_planks":1,"minecraft:wheat_seeds":23,"minecraft:cooked_beef":2,"minecraft:stone_sword":1,"minecraft:birch_sapling":1,"minecraft:oak_planks":15,"minecraft:white_bed":1,"pointblank:gunmetal_nugget":1,"minecraft:stick":1,"minecraft:dirt":1,"minecraft:gunpowder":1,"minecraft:andesite":41,"minecraft:oak_sapling":11,"minecraft:wooden_pickaxe":1,"minecraft:bucket":1,"minecraft:white_wool":1,"minecraft:bone":1}},"DataVersion":3465}