{"stats":{"minecraft:killed":{"hordes:zombie_player":1,"minecraft:spider":2,"minecraft:phantom":1,"minecraft:skeleton":1,"minecraft:horse":2,"minecraft:bee":1,"minecraft:chicken":18,"minecraft:pig":6,"minecraft:salmon":4,"minecraft:sheep":10,"minecraft:zombie":9,"minecraft:cow":13},"minecraft:custom":{"minecraft:mob_kills":69,"minecraft:interact_with_crafting_table":41,"minecraft:damage_dealt_resisted":149,"minecraft:leave_game":2,"minecraft:time_since_death":2153,"minecraft:climb_one_cm":3976,"minecraft:sprint_one_cm":544933,"minecraft:walk_one_cm":749248,"minecraft:damage_blocked_by_shield":271,"minecraft:drop":76,"minecraft:talked_to_villager":2,"minecraft:play_time":240923,"minecraft:deaths":23,"minecraft:sneak_time":15306,"minecraft:walk_under_water_one_cm":44469,"minecraft:jump":4343,"minecraft:interact_with_blast_furnace":1,"minecraft:walk_on_water_one_cm":55387,"minecraft:total_world_time":240923,"minecraft:interact_with_furnace":79,"minecraft:sleep_in_bed":3,"minecraft:time_since_rest":2204,"minecraft:damage_taken":7940,"minecraft:damage_dealt":7441,"minecraft:player_kills":1,"minecraft:swim_one_cm":170293,"minecraft:fly_one_cm":728667,"minecraft:open_chest":39,"minecraft:crouch_one_cm":53149,"minecraft:fall_one_cm":107007},"minecraft:picked_up":{"minecraft:crafting_table":8,"minecraft:iron_chestplate":4,"minecraft:chicken":18,"minecraft:brown_mushroom":1,"minecraft:shield":2,"minecraft:string":12,"minecraft:raw_copper":40,"create:limestone":187,"minecraft:wooden_sword":1,"minecraft:iron_leggings":4,"minecraft:bucket":3,"minecraft:beef":27,"minecraft:white_tulip":2,"minecraft:iron_pickaxe":3,"pointblank:workstation":3,"minecraft:chest":7,"minecraft:birch_sapling":1,"minecraft:furnace":10,"minecraft:iron_boots":4,"minecraft:egg":2,"minecraft:stick":18,"minecraft:raw_iron":99,"ecologics:walnut_log":2,"minecraft:torch":147,"minecraft:porkchop":14,"pointblank:gunmetal_nugget":48,"psg:sulphur":279,"minecraft:cherry_log":18,"minecraft:carrot":90,"minecraft:stone_sword":8,"minecraft:arrow":17,"minecraft:rotten_flesh":6,"minecraft:stone_shovel":7,"k_turrets:raw_titanium":32,"minecraft:mutton":15,"minecraft:white_wool":9,"minecraft:cobblestone":771,"minecraft:pink_petals":224,"minecraft:feather":58,"minecraft:cooked_beef":3,"minecraft:cherry_planks":62,"minecraft:andesite":389,"minecraft:salmon":4,"projectvibrantjourneys:fallen_leaves":1,"minecraft:leather":34,"minecraft:potato":8,"minecraft:birch_planks":3,"alexsmobs:bear_fur":1,"minecraft:flint":3,"minecraft:tuff":1,"create:raw_zinc":10,"minecraft:oak_log":21,"minecraft:lily_pad":1,"minecraft:cobblestone_stairs":1,"minecraft:gunpowder":5,"projectvibrantjourneys:oak_hollow_log":2,"minecraft:lapis_lazuli":8,"minecraft:dirt":1227,"minecraft:cooked_mutton":2,"minecraft:bone":14,"minecraft:apple":2,"minecraft:wheat_seeds":69,"minecraft:iron_ingot":42,"minecraft:stone_pickaxe":6,"minecraft:cooked_chicken":3,"minecraft:stone_hoe":2,"minecraft:iron_sword":4,"minecraft:oak_planks":10,"projectvibrantjourneys:light_brown_bark_mushroom":1,"minecraft:cooked_porkchop":2,"psg:raw_potassium":72,"minecraft:gravel":15,"minecraft:white_bed":5,"minecraft:spider_eye":1,"alexsmobs:animal_dictionary":1,"minecraft:iron_helmet":4,"minecraft:cherry_sapling":10,"minecraft:emerald":4,"alexsmobs:maggot":2,"projectvibrantjourneys:orange_bark_mushroom":1,"minecraft:oak_sapling":13,"minecraft:bricks":1,"minecraft:coal":532},"minecraft:crafted":{"minecraft:cherry_planks":68,"minecraft:wooden_sword":1,"minecraft:oak_planks":88,"minecraft:stone_shovel":6,"ecologics:walnut_planks":8,"minecraft:cooked_chicken":14,"minecraft:furnace":6,"minecraft:cooked_mutton":4,"minecraft:iron_boots":1,"psg:potassium":6,"minecraft:stone_pickaxe":12,"minecraft:chest":2,"minecraft:stone_hoe":1,"minecraft:cooked_beef":9,"minecraft:cooked_porkchop":12,"minecraft:crafting_table":8,"minecraft:iron_helmet":1,"minecraft:wooden_pickaxe":4,"minecraft:iron_sword":2,"minecraft:cooked_salmon":2,"minecraft:bucket":1,"minecraft:air":0,"minecraft:iron_chestplate":1,"minecraft:shield":1,"minecraft:stick":80,"minecraft:iron_ingot":42,"minecraft:iron_pickaxe":2,"minecraft:stone_sword":1,"minecraft:iron_leggings":1,"minecraft:torch":92},"minecraft:killed_by":{"minecraft:spider":1,"minecraft:enderman":1,"hordes:zombie_player":4,"minecraft:drowned":1,"alexsmobs:murmur_head":1,"mutantmonsters:mutant_skeleton":1,"minecraft:skeleton":3,"minecraft:zombie":8,"alexsmobs:grizzly_bear":1},"minecraft:used":{"create:limestone":2,"minecraft:stone_sword":60,"minecraft:stone_shovel":460,"minecraft:chest":3,"minecraft:shield":6,"minecraft:iron_sword":122,"minecraft:cooked_salmon":2,"minecraft:cooked_chicken":12,"minecraft:iron_chestplate":2,"minecraft:torch":89,"minecraft:dirt":50,"minecraft:carrot":21,"minecraft:iron_helmet":3,"minecraft:iron_boots":2,"minecraft:furnace":9,"minecraft:egg":1,"minecraft:cooked_beef":10,"minecraft:cherry_log":1,"minecraft:iron_leggings":3,"minecraft:wheat_seeds":2,"minecraft:cooked_mutton":1,"minecraft:stone_pickaxe":1195,"minecraft:oak_planks":1,"minecraft:wooden_pickaxe":128,"minecraft:brown_mushroom":1,"minecraft:salmon":2,"minecraft:crafting_table":14,"minecraft:white_bed":1,"minecraft:apple":1,"minecraft:iron_pickaxe":71,"minecraft:pink_petals":7,"minecraft:wooden_sword":94,"minecraft:cobblestone":75,"minecraft:cooked_porkchop":11,"minecraft:andesite":49},"minecraft:broken":{"minecraft:wooden_pickaxe":2,"minecraft:stone_pickaxe":8,"minecraft:stone_shovel":2},"minecraft:mined":{"create:zinc_ore":10,"minecraft:tuff":1,"minecraft:white_bed":2,"minecraft:cherry_log":18,"farmersdelight:wild_carrots":4,"psg:sulphur_ore":22,"minecraft:grass_block":407,"minecraft:furnace":7,"minecraft:carrots":15,"minecraft:iron_ore":52,"minecraft:andesite":330,"create:asurine":2,"minecraft:potatoes":2,"ecologics:walnut_log":2,"minecraft:stone":650,"create:limestone":57,"minecraft:crafting_table":7,"minecraft:torch":1,"projectvibrantjourneys:twigs":1,"minecraft:emerald_ore":3,"minecraft:chest":3,"projectvibrantjourneys:mossy_rocks":2,"projectvibrantjourneys:natural_cobweb":3,"minecraft:tall_grass":35,"minecraft:copper_ore":4,"minecraft:cobblestone":3,"minecraft:lapis_ore":2,"minecraft:oak_planks":1,"minecraft:bricks":1,"minecraft:wall_torch":13,"minecraft:pink_petals":4,"minecraft:birch_planks":2,"minecraft:wheat":1,"projectvibrantjourneys:bones":4,"minecraft:mangrove_leaves":1,"minecraft:bee_nest":1,"k_turrets:titanium_ore":16,"minecraft:grass":31,"minecraft:oak_log":21,"minecraft:coal_ore":191,"projectvibrantjourneys:short_grass":42,"minecraft:cherry_leaves":8,"minecraft:gravel":18,"minecraft:dirt":154,"pointblank:workstation":1,"minecraft:oak_leaves":2,"projectvibrantjourneys:oak_hollow_log":2},"minecraft:dropped":{"minecraft:birch_planks":1,"minecraft:wheat_seeds":26,"minecraft:cooked_beef":2,"minecraft:cobblestone":232,"minecraft:coal":29,"minecraft:stick":1,"minecraft:dirt":769,"projectvibrantjourneys:fallen_leaves":1,"minecraft:cherry_planks":1,"minecraft:white_wool":1,"minecraft:bucket":1,"minecraft:bone":1,"alexsmobs:maggot":2,"minecraft:stone_sword":1,"minecraft:birch_sapling":1,"minecraft:stone_shovel":1,"minecraft:rotten_flesh":2,"minecraft:oak_planks":15,"minecraft:white_bed":1,"alexsmobs:bear_fur":1,"pointblank:gunmetal_nugget":7,"minecraft:shield":1,"minecraft:gunpowder":1,"minecraft:andesite":260,"minecraft:oak_sapling":13,"minecraft:wooden_pickaxe":2,"minecraft:egg":1}},"DataVersion":3465}