{"stats":{"minecraft:killed":{"minecraft:spider":2,"minecraft:phantom":1,"minecraft:skeleton":1,"minecraft:horse":2,"minecraft:bee":1,"minecraft:chicken":18,"minecraft:pig":6,"minecraft:salmon":4,"minecraft:sheep":10,"minecraft:zombie":9,"minecraft:cow":13},"minecraft:custom":{"minecraft:mob_kills":68,"minecraft:interact_with_crafting_table":37,"minecraft:damage_dealt_resisted":146,"minecraft:leave_game":2,"minecraft:time_since_death":3031,"minecraft:climb_one_cm":2819,"minecraft:sprint_one_cm":475275,"minecraft:walk_one_cm":684816,"minecraft:damage_blocked_by_shield":271,"minecraft:drop":62,"minecraft:talked_to_villager":2,"minecraft:play_time":216923,"minecraft:deaths":20,"minecraft:sneak_time":15123,"minecraft:walk_under_water_one_cm":31621,"minecraft:jump":3897,"minecraft:interact_with_blast_furnace":1,"minecraft:walk_on_water_one_cm":45139,"minecraft:total_world_time":216923,"minecraft:interact_with_furnace":77,"minecraft:sleep_in_bed":2,"minecraft:time_since_rest":3063,"minecraft:damage_taken":7147,"minecraft:damage_dealt":7431,"minecraft:player_kills":1,"minecraft:swim_one_cm":119853,"minecraft:fly_one_cm":654303,"minecraft:open_chest":23,"minecraft:crouch_one_cm":52455,"minecraft:fall_one_cm":94975},"minecraft:picked_up":{"minecraft:crafting_table":8,"minecraft:iron_chestplate":4,"minecraft:chicken":18,"minecraft:brown_mushroom":1,"minecraft:shield":2,"minecraft:string":1,"minecraft:raw_copper":22,"create:limestone":101,"minecraft:wooden_sword":1,"minecraft:iron_leggings":2,"minecraft:bucket":1,"minecraft:beef":27,"minecraft:white_tulip":2,"minecraft:iron_pickaxe":2,"minecraft:birch_sapling":1,"minecraft:furnace":7,"minecraft:iron_boots":2,"minecraft:egg":2,"minecraft:stick":18,"minecraft:raw_iron":87,"ecologics:walnut_log":2,"minecraft:torch":127,"minecraft:porkchop":14,"pointblank:gunmetal_nugget":23,"psg:sulphur":207,"minecraft:cherry_log":18,"minecraft:carrot":31,"minecraft:stone_sword":6,"minecraft:arrow":7,"minecraft:rotten_flesh":6,"minecraft:stone_shovel":1,"k_turrets:raw_titanium":32,"minecraft:mutton":15,"minecraft:white_wool":9,"minecraft:cobblestone":723,"minecraft:pink_petals":82,"minecraft:feather":28,"minecraft:cooked_beef":3,"minecraft:cherry_planks":30,"minecraft:andesite":388,"minecraft:salmon":4,"projectvibrantjourneys:fallen_leaves":1,"minecraft:leather":14,"minecraft:potato":8,"minecraft:birch_planks":3,"alexsmobs:bear_fur":1,"minecraft:flint":3,"minecraft:tuff":1,"create:raw_zinc":10,"minecraft:oak_log":21,"minecraft:gunpowder":5,"projectvibrantjourneys:oak_hollow_log":2,"minecraft:lapis_lazuli":8,"minecraft:dirt":522,"minecraft:cooked_mutton":2,"minecraft:bone":8,"minecraft:apple":2,"minecraft:wheat_seeds":39,"minecraft:iron_ingot":14,"minecraft:stone_pickaxe":4,"minecraft:cooked_chicken":3,"minecraft:iron_sword":2,"minecraft:oak_planks":10,"projectvibrantjourneys:light_brown_bark_mushroom":1,"psg:raw_potassium":50,"minecraft:gravel":15,"minecraft:white_bed":2,"minecraft:spider_eye":1,"alexsmobs:animal_dictionary":1,"minecraft:iron_helmet":2,"minecraft:cherry_sapling":9,"minecraft:emerald":4,"projectvibrantjourneys:orange_bark_mushroom":1,"minecraft:oak_sapling":13,"minecraft:bricks":1,"minecraft:coal":507},"minecraft:crafted":{"minecraft:cherry_planks":68,"minecraft:wooden_sword":1,"minecraft:oak_planks":88,"minecraft:stone_shovel":3,"ecologics:walnut_planks":8,"minecraft:cooked_chicken":14,"minecraft:furnace":6,"minecraft:cooked_mutton":4,"minecraft:iron_boots":1,"psg:potassium":6,"minecraft:stone_pickaxe":12,"minecraft:chest":2,"minecraft:cooked_beef":9,"minecraft:cooked_porkchop":11,"minecraft:crafting_table":8,"minecraft:iron_helmet":1,"minecraft:wooden_pickaxe":4,"minecraft:iron_sword":2,"minecraft:cooked_salmon":2,"minecraft:air":0,"minecraft:iron_chestplate":1,"minecraft:shield":1,"minecraft:stick":72,"minecraft:iron_ingot":41,"minecraft:iron_pickaxe":2,"minecraft:stone_sword":1,"minecraft:iron_leggings":1,"minecraft:torch":92},"minecraft:killed_by":{"minecraft:spider":1,"minecraft:enderman":1,"hordes:zombie_player":3,"alexsmobs:murmur_head":1,"mutantmonsters:mutant_skeleton":1,"minecraft:skeleton":3,"minecraft:zombie":8,"alexsmobs:grizzly_bear":1},"minecraft:used":{"create:limestone":2,"minecraft:stone_sword":60,"minecraft:stone_shovel":388,"minecraft:chest":2,"minecraft:shield":6,"minecraft:iron_sword":112,"minecraft:cooked_salmon":2,"minecraft:cooked_chicken":12,"minecraft:iron_chestplate":2,"minecraft:torch":89,"minecraft:dirt":50,"minecraft:carrot":11,"minecraft:iron_helmet":2,"minecraft:iron_boots":1,"minecraft:furnace":9,"minecraft:egg":1,"minecraft:cooked_beef":10,"minecraft:cherry_log":1,"minecraft:iron_leggings":2,"minecraft:wheat_seeds":2,"minecraft:cooked_mutton":1,"minecraft:stone_pickaxe":1184,"minecraft:oak_planks":1,"minecraft:wooden_pickaxe":128,"minecraft:brown_mushroom":1,"minecraft:salmon":2,"minecraft:crafting_table":14,"minecraft:white_bed":1,"minecraft:apple":1,"minecraft:iron_pickaxe":63,"minecraft:pink_petals":7,"minecraft:wooden_sword":94,"minecraft:cobblestone":61,"minecraft:cooked_porkchop":11,"minecraft:andesite":48},"minecraft:broken":{"minecraft:wooden_pickaxe":2,"minecraft:stone_pickaxe":8,"minecraft:stone_shovel":2},"minecraft:mined":{"create:zinc_ore":10,"minecraft:tuff":1,"minecraft:white_bed":1,"minecraft:cherry_log":18,"farmersdelight:wild_carrots":4,"psg:sulphur_ore":22,"minecraft:grass_block":339,"minecraft:furnace":6,"minecraft:carrots":6,"minecraft:iron_ore":48,"minecraft:andesite":329,"create:asurine":2,"minecraft:potatoes":2,"ecologics:walnut_log":2,"minecraft:stone":647,"create:limestone":57,"minecraft:crafting_table":7,"minecraft:torch":1,"projectvibrantjourneys:twigs":1,"minecraft:emerald_ore":3,"projectvibrantjourneys:mossy_rocks":2,"minecraft:tall_grass":35,"minecraft:copper_ore":4,"minecraft:cobblestone":3,"minecraft:lapis_ore":2,"minecraft:oak_planks":1,"minecraft:bricks":1,"minecraft:wall_torch":13,"minecraft:pink_petals":4,"minecraft:birch_planks":2,"minecraft:wheat":1,"projectvibrantjourneys:bones":4,"minecraft:mangrove_leaves":1,"minecraft:bee_nest":1,"k_turrets:titanium_ore":16,"minecraft:grass":31,"minecraft:oak_log":21,"minecraft:coal_ore":186,"projectvibrantjourneys:short_grass":41,"minecraft:gravel":18,"minecraft:dirt":149,"minecraft:oak_leaves":2,"projectvibrantjourneys:oak_hollow_log":2},"minecraft:dropped":{"minecraft:birch_planks":1,"minecraft:wheat_seeds":26,"minecraft:cooked_beef":2,"minecraft:cobblestone":187,"minecraft:coal":29,"minecraft:stick":1,"minecraft:dirt":5,"projectvibrantjourneys:fallen_leaves":1,"minecraft:cherry_planks":1,"minecraft:white_wool":1,"minecraft:bucket":1,"minecraft:bone":1,"minecraft:stone_sword":1,"minecraft:birch_sapling":1,"minecraft:stone_shovel":1,"minecraft:rotten_flesh":2,"minecraft:oak_planks":15,"minecraft:white_bed":1,"alexsmobs:bear_fur":1,"pointblank:gunmetal_nugget":7,"minecraft:shield":1,"minecraft:gunpowder":1,"minecraft:andesite":260,"minecraft:oak_sapling":13,"minecraft:wooden_pickaxe":2,"minecraft:egg":1}},"DataVersion":3465}