{"stats":{"minecraft:killed":{"minecraft:pig":1,"minecraft:salmon":4,"minecraft:spider":1,"minecraft:sheep":1,"minecraft:zombie":1,"minecraft:chicken":2,"minecraft:cow":6},"minecraft:custom":{"minecraft:interact_with_furnace":26,"minecraft:mob_kills":17,"minecraft:interact_with_crafting_table":7,"minecraft:damage_dealt_resisted":18,"minecraft:time_since_death":3102,"minecraft:climb_one_cm":379,"minecraft:time_since_rest":3129,"minecraft:sprint_one_cm":117302,"minecraft:damage_taken":1617,"minecraft:walk_one_cm":148256,"minecraft:damage_blocked_by_shield":30,"minecraft:drop":26,"minecraft:damage_dealt":1391,"minecraft:swim_one_cm":52942,"minecraft:fly_one_cm":157873,"minecraft:crouch_one_cm":9867,"minecraft:play_time":52479,"minecraft:deaths":5,"minecraft:sneak_time":2335,"minecraft:walk_under_water_one_cm":9629,"minecraft:jump":972,"minecraft:walk_on_water_one_cm":20365,"minecraft:total_world_time":52479,"minecraft:fall_one_cm":25283},"minecraft:picked_up":{"minecraft:crafting_table":2,"minecraft:feather":2,"minecraft:cooked_beef":1,"minecraft:chicken":2,"minecraft:andesite":43,"minecraft:salmon":4,"minecraft:leather":7,"minecraft:brown_mushroom":1,"minecraft:birch_planks":2,"minecraft:tuff":1,"minecraft:oak_log":17,"minecraft:shield":1,"projectvibrantjourneys:oak_hollow_log":2,"minecraft:dirt":6,"minecraft:wooden_sword":1,"minecraft:apple":2,"minecraft:wheat_seeds":5,"minecraft:beef":13,"minecraft:stone_pickaxe":1,"minecraft:oak_planks":9,"minecraft:furnace":2,"minecraft:stick":4,"psg:raw_potassium":6,"pointblank:gunmetal_nugget":1,"minecraft:porkchop":2,"psg:sulphur":61,"minecraft:white_bed":1,"minecraft:carrot":4,"alexsmobs:animal_dictionary":1,"k_turrets:raw_titanium":18,"minecraft:oak_sapling":11,"minecraft:coal":69,"minecraft:mutton":6,"minecraft:white_wool":2,"minecraft:cobblestone":223},"minecraft:crafted":{"minecraft:cooked_beef":4,"minecraft:wooden_sword":1,"minecraft:oak_planks":72,"minecraft:crafting_table":3,"minecraft:wooden_pickaxe":3,"minecraft:cooked_chicken":2,"minecraft:furnace":1,"minecraft:cooked_salmon":2,"minecraft:cooked_mutton":4,"minecraft:air":0,"minecraft:stick":20,"psg:potassium":6,"minecraft:stone_pickaxe":3,"minecraft:stone_sword":1},"minecraft:killed_by":{"minecraft:skeleton":1,"minecraft:zombie":1,"alexsmobs:grizzly_bear":1,"minecraft:enderman":1,"alexsmobs:murmur_head":1},"minecraft:used":{"minecraft:stone_sword":10,"minecraft:stone_pickaxe":222,"minecraft:shield":1,"minecraft:wooden_pickaxe":64,"minecraft:brown_mushroom":1,"minecraft:salmon":2,"minecraft:dirt":2,"minecraft:crafting_table":5,"minecraft:apple":1,"minecraft:wooden_sword":53,"minecraft:cobblestone":8,"minecraft:furnace":3,"minecraft:cooked_beef":3},"minecraft:broken":{"minecraft:stone_pickaxe":1,"minecraft:wooden_pickaxe":1},"minecraft:mined":{"minecraft:tuff":1,"farmersdelight:wild_carrots":4,"psg:sulphur_ore":14,"minecraft:crafting_table":2,"minecraft:grass_block":4,"minecraft:cobblestone":1,"minecraft:tall_grass":13,"minecraft:birch_planks":2,"minecraft:furnace":1,"minecraft:andesite":42,"minecraft:mangrove_leaves":1,"k_turrets:titanium_ore":9,"minecraft:grass":11,"minecraft:coal_ore":42,"minecraft:oak_log":17,"projectvibrantjourneys:short_grass":22,"minecraft:dirt":3,"minecraft:stone":163,"projectvibrantjourneys:oak_hollow_log":2},"minecraft:dropped":{"minecraft:wheat_seeds":4,"minecraft:cooked_beef":2,"minecraft:oak_planks":15,"minecraft:white_bed":1,"pointblank:gunmetal_nugget":1,"minecraft:stick":1,"minecraft:dirt":1,"minecraft:andesite":41,"minecraft:oak_sapling":11,"minecraft:wooden_pickaxe":1,"minecraft:white_wool":1}},"DataVersion":3465}