{"stats":{"minecraft:killed":{"minecraft:spider":1,"minecraft:horse":2,"minecraft:skeleton":1,"minecraft:chicken":17,"minecraft:pig":5,"minecraft:salmon":4,"minecraft:sheep":2,"minecraft:zombie":4,"minecraft:cow":11},"minecraft:custom":{"minecraft:mob_kills":48,"minecraft:interact_with_crafting_table":33,"minecraft:damage_dealt_resisted":116,"minecraft:time_since_death":35911,"minecraft:climb_one_cm":2819,"minecraft:sprint_one_cm":397407,"minecraft:walk_one_cm":536361,"minecraft:damage_blocked_by_shield":271,"minecraft:drop":52,"minecraft:talked_to_villager":2,"minecraft:play_time":178479,"minecraft:deaths":13,"minecraft:sneak_time":12279,"minecraft:walk_under_water_one_cm":27231,"minecraft:jump":3296,"minecraft:interact_with_blast_furnace":1,"minecraft:walk_on_water_one_cm":37939,"minecraft:total_world_time":178479,"minecraft:interact_with_furnace":73,"minecraft:sleep_in_bed":2,"minecraft:time_since_rest":36072,"minecraft:damage_taken":4840,"minecraft:damage_dealt":4545,"minecraft:swim_one_cm":99049,"minecraft:fly_one_cm":542900,"minecraft:player_kills":1,"minecraft:open_chest":18,"minecraft:crouch_one_cm":44944,"minecraft:fall_one_cm":84773},"minecraft:picked_up":{"minecraft:iron_chestplate":2,"minecraft:crafting_table":7,"minecraft:chicken":17,"minecraft:brown_mushroom":1,"minecraft:shield":2,"minecraft:raw_copper":11,"minecraft:wooden_sword":1,"minecraft:bucket":1,"minecraft:beef":22,"minecraft:birch_sapling":1,"minecraft:furnace":7,"minecraft:egg":2,"minecraft:stick":14,"minecraft:raw_iron":86,"ecologics:walnut_log":2,"minecraft:torch":95,"minecraft:porkchop":13,"pointblank:gunmetal_nugget":4,"psg:sulphur":169,"minecraft:cherry_log":7,"minecraft:carrot":15,"minecraft:stone_sword":4,"minecraft:arrow":3,"minecraft:rotten_flesh":6,"k_turrets:raw_titanium":32,"minecraft:mutton":7,"minecraft:white_wool":3,"minecraft:cobblestone":636,"minecraft:feather":27,"minecraft:cooked_beef":3,"minecraft:cherry_planks":22,"minecraft:salmon":4,"minecraft:andesite":388,"minecraft:leather":12,"minecraft:potato":2,"minecraft:birch_planks":3,"minecraft:flint":3,"minecraft:tuff":1,"create:raw_zinc":10,"minecraft:oak_log":21,"minecraft:gunpowder":3,"projectvibrantjourneys:oak_hollow_log":2,"minecraft:lapis_lazuli":8,"minecraft:dirt":103,"minecraft:cooked_mutton":1,"minecraft:bone":5,"minecraft:apple":2,"minecraft:wheat_seeds":30,"minecraft:stone_pickaxe":3,"minecraft:oak_planks":10,"projectvibrantjourneys:light_brown_bark_mushroom":1,"psg:raw_potassium":39,"minecraft:gravel":15,"minecraft:white_bed":2,"alexsmobs:animal_dictionary":1,"minecraft:emerald":3,"minecraft:oak_sapling":13,"minecraft:bricks":1,"minecraft:coal":460},"minecraft:crafted":{"minecraft:cherry_planks":28,"minecraft:wooden_sword":1,"minecraft:oak_planks":88,"minecraft:cooked_chicken":14,"ecologics:walnut_planks":8,"minecraft:furnace":6,"minecraft:cooked_mutton":4,"minecraft:iron_boots":1,"psg:potassium":6,"minecraft:stone_pickaxe":11,"minecraft:cooked_beef":9,"minecraft:cooked_porkchop":11,"minecraft:crafting_table":8,"minecraft:wooden_pickaxe":4,"minecraft:iron_helmet":1,"minecraft:iron_sword":2,"minecraft:cooked_salmon":2,"minecraft:air":0,"minecraft:iron_chestplate":1,"minecraft:shield":1,"minecraft:stick":64,"minecraft:iron_ingot":41,"minecraft:iron_pickaxe":2,"minecraft:stone_sword":1,"minecraft:iron_leggings":1,"minecraft:torch":92},"minecraft:killed_by":{"minecraft:spider":1,"minecraft:enderman":1,"hordes:zombie_player":1,"alexsmobs:murmur_head":1,"mutantmonsters:mutant_skeleton":1,"minecraft:skeleton":2,"minecraft:zombie":4,"alexsmobs:grizzly_bear":1},"minecraft:used":{"minecraft:stone_sword":53,"minecraft:shield":6,"minecraft:iron_sword":25,"minecraft:cooked_salmon":2,"minecraft:cooked_chicken":8,"minecraft:iron_chestplate":1,"minecraft:torch":79,"minecraft:dirt":26,"minecraft:furnace":9,"minecraft:egg":1,"minecraft:cooked_beef":10,"minecraft:wheat_seeds":2,"minecraft:stone_pickaxe":1094,"minecraft:oak_planks":1,"minecraft:wooden_pickaxe":128,"minecraft:brown_mushroom":1,"minecraft:salmon":2,"minecraft:crafting_table":13,"minecraft:white_bed":1,"minecraft:apple":1,"minecraft:iron_pickaxe":27,"minecraft:wooden_sword":94,"minecraft:cobblestone":57,"minecraft:cooked_porkchop":11,"minecraft:andesite":48},"minecraft:broken":{"minecraft:wooden_pickaxe":2,"minecraft:stone_pickaxe":7},"minecraft:mined":{"create:zinc_ore":10,"minecraft:tuff":1,"minecraft:white_bed":1,"minecraft:cherry_log":7,"farmersdelight:wild_carrots":4,"psg:sulphur_ore":22,"minecraft:grass_block":23,"minecraft:furnace":6,"minecraft:carrots":6,"minecraft:iron_ore":47,"minecraft:andesite":329,"create:asurine":2,"minecraft:potatoes":2,"ecologics:walnut_log":2,"minecraft:stone":583,"minecraft:crafting_table":7,"minecraft:torch":1,"projectvibrantjourneys:twigs":1,"minecraft:emerald_ore":3,"projectvibrantjourneys:mossy_rocks":2,"minecraft:copper_ore":4,"minecraft:tall_grass":28,"minecraft:cobblestone":1,"minecraft:lapis_ore":2,"minecraft:oak_planks":1,"minecraft:bricks":1,"minecraft:wall_torch":10,"minecraft:birch_planks":2,"minecraft:wheat":1,"projectvibrantjourneys:bones":3,"minecraft:mangrove_leaves":1,"minecraft:grass":23,"k_turrets:titanium_ore":16,"minecraft:oak_log":21,"minecraft:coal_ore":186,"projectvibrantjourneys:short_grass":38,"minecraft:gravel":18,"minecraft:dirt":80,"projectvibrantjourneys:oak_hollow_log":2,"minecraft:oak_leaves":2},"minecraft:dropped":{"minecraft:birch_planks":1,"minecraft:wheat_seeds":26,"minecraft:cooked_beef":2,"minecraft:cobblestone":187,"minecraft:coal":18,"minecraft:stick":1,"minecraft:dirt":5,"minecraft:cherry_planks":1,"minecraft:white_wool":1,"minecraft:bucket":1,"minecraft:bone":1,"minecraft:stone_sword":1,"minecraft:birch_sapling":1,"minecraft:rotten_flesh":2,"minecraft:oak_planks":15,"minecraft:white_bed":1,"pointblank:gunmetal_nugget":1,"minecraft:shield":1,"minecraft:gunpowder":1,"minecraft:andesite":260,"minecraft:oak_sapling":13,"minecraft:wooden_pickaxe":2,"minecraft:egg":1}},"DataVersion":3465}