{"stats":{"minecraft:killed":{"minecraft:pig":5,"minecraft:salmon":4,"minecraft:spider":1,"minecraft:sheep":1,"minecraft:zombie":4,"minecraft:chicken":6,"minecraft:cow":10},"minecraft:custom":{"minecraft:interact_with_furnace":41,"minecraft:mob_kills":32,"minecraft:interact_with_crafting_table":18,"minecraft:damage_dealt_resisted":72,"minecraft:time_since_death":1953,"minecraft:sleep_in_bed":2,"minecraft:climb_one_cm":2105,"minecraft:time_since_rest":1978,"minecraft:sprint_one_cm":216050,"minecraft:damage_taken":3030,"minecraft:walk_one_cm":326131,"minecraft:damage_blocked_by_shield":30,"minecraft:drop":34,"minecraft:damage_dealt":2975,"minecraft:talked_to_villager":2,"minecraft:swim_one_cm":52942,"minecraft:player_kills":1,"minecraft:fly_one_cm":321088,"minecraft:open_chest":16,"minecraft:crouch_one_cm":14517,"minecraft:play_time":100479,"minecraft:deaths":9,"minecraft:sneak_time":3739,"minecraft:walk_under_water_one_cm":9629,"minecraft:jump":1893,"minecraft:interact_with_blast_furnace":1,"minecraft:walk_on_water_one_cm":20745,"minecraft:total_world_time":100479,"minecraft:fall_one_cm":47398},"minecraft:picked_up":{"minecraft:crafting_table":4,"minecraft:feather":6,"minecraft:cooked_beef":1,"minecraft:chicken":6,"minecraft:andesite":205,"minecraft:salmon":4,"minecraft:leather":10,"minecraft:brown_mushroom":1,"minecraft:birch_planks":3,"minecraft:flint":3,"minecraft:tuff":1,"minecraft:oak_log":21,"minecraft:gunpowder":1,"minecraft:shield":1,"projectvibrantjourneys:oak_hollow_log":2,"minecraft:dirt":99,"minecraft:wooden_sword":1,"minecraft:bone":2,"minecraft:apple":2,"minecraft:wheat_seeds":27,"minecraft:bucket":1,"minecraft:beef":21,"minecraft:stone_pickaxe":1,"minecraft:birch_sapling":1,"minecraft:oak_planks":10,"minecraft:egg":2,"minecraft:furnace":2,"projectvibrantjourneys:light_brown_bark_mushroom":1,"minecraft:stick":7,"minecraft:raw_iron":6,"ecologics:walnut_log":2,"psg:raw_potassium":12,"minecraft:torch":8,"minecraft:gravel":15,"pointblank:gunmetal_nugget":1,"minecraft:porkchop":10,"psg:sulphur":61,"minecraft:white_bed":2,"minecraft:carrot":4,"alexsmobs:animal_dictionary":1,"minecraft:stone_sword":2,"minecraft:rotten_flesh":6,"k_turrets:raw_titanium":18,"minecraft:emerald":2,"minecraft:bricks":1,"minecraft:oak_sapling":13,"minecraft:coal":107,"minecraft:mutton":6,"minecraft:white_wool":2,"minecraft:cobblestone":443},"minecraft:crafted":{"minecraft:cooked_beef":9,"minecraft:wooden_sword":1,"minecraft:oak_planks":88,"minecraft:cooked_porkchop":8,"minecraft:crafting_table":5,"ecologics:walnut_planks":8,"minecraft:wooden_pickaxe":4,"minecraft:cooked_chicken":4,"minecraft:furnace":2,"minecraft:cooked_salmon":2,"minecraft:cooked_mutton":4,"minecraft:air":0,"minecraft:iron_pickaxe":1,"minecraft:stick":44,"minecraft:iron_ingot":6,"psg:potassium":6,"minecraft:stone_pickaxe":6,"minecraft:stone_sword":1,"minecraft:torch":60},"minecraft:killed_by":{"minecraft:skeleton":2,"minecraft:zombie":2,"alexsmobs:grizzly_bear":1,"minecraft:enderman":1,"hordes:zombie_player":1,"alexsmobs:murmur_head":1},"minecraft:used":{"minecraft:stone_sword":44,"minecraft:stone_pickaxe":599,"minecraft:oak_planks":1,"minecraft:shield":1,"minecraft:wooden_pickaxe":128,"minecraft:brown_mushroom":1,"minecraft:cooked_salmon":2,"minecraft:cooked_chicken":2,"minecraft:torch":19,"minecraft:salmon":2,"minecraft:dirt":26,"minecraft:crafting_table":8,"minecraft:white_bed":1,"minecraft:apple":1,"minecraft:iron_pickaxe":3,"minecraft:wooden_sword":94,"minecraft:cobblestone":18,"minecraft:cooked_porkchop":6,"minecraft:furnace":4,"minecraft:cooked_beef":8},"minecraft:broken":{"minecraft:stone_pickaxe":3,"minecraft:wooden_pickaxe":2},"minecraft:mined":{"minecraft:tuff":1,"minecraft:white_bed":1,"farmersdelight:wild_carrots":4,"minecraft:torch":1,"psg:sulphur_ore":14,"minecraft:crafting_table":4,"projectvibrantjourneys:twigs":1,"minecraft:emerald_ore":2,"minecraft:grass_block":19,"minecraft:cobblestone":1,"minecraft:tall_grass":26,"minecraft:oak_planks":1,"minecraft:bricks":1,"minecraft:wall_torch":7,"minecraft:birch_planks":2,"minecraft:furnace":1,"minecraft:iron_ore":6,"minecraft:andesite":205,"minecraft:mangrove_leaves":1,"k_turrets:titanium_ore":9,"minecraft:grass":20,"minecraft:coal_ore":80,"minecraft:oak_log":21,"projectvibrantjourneys:short_grass":31,"minecraft:gravel":18,"minecraft:dirt":80,"ecologics:walnut_log":2,"minecraft:stone":386,"minecraft:oak_leaves":2,"projectvibrantjourneys:oak_hollow_log":2},"minecraft:dropped":{"minecraft:birch_planks":1,"minecraft:wheat_seeds":23,"minecraft:cooked_beef":2,"minecraft:stone_sword":1,"minecraft:birch_sapling":1,"minecraft:oak_planks":15,"minecraft:white_bed":1,"pointblank:gunmetal_nugget":1,"minecraft:stick":1,"minecraft:dirt":1,"minecraft:gunpowder":1,"minecraft:andesite":41,"minecraft:oak_sapling":11,"minecraft:wooden_pickaxe":1,"minecraft:bucket":1,"minecraft:white_wool":1,"minecraft:bone":1}},"DataVersion":3465}