{"stats":{"minecraft:killed":{"minecraft:pig":1,"minecraft:spider":1},"minecraft:custom":{"minecraft:time_since_rest":987,"minecraft:sprint_one_cm":39283,"minecraft:damage_taken":843,"minecraft:walk_one_cm":41280,"minecraft:damage_blocked_by_shield":30,"minecraft:mob_kills":2,"minecraft:drop":12,"minecraft:damage_dealt":219,"minecraft:interact_with_crafting_table":2,"minecraft:swim_one_cm":18706,"minecraft:fly_one_cm":44399,"minecraft:crouch_one_cm":350,"minecraft:play_time":16479,"minecraft:deaths":3,"minecraft:sneak_time":166,"minecraft:walk_under_water_one_cm":3044,"minecraft:jump":295,"minecraft:time_since_death":923,"minecraft:walk_on_water_one_cm":5519,"minecraft:climb_one_cm":154,"minecraft:total_world_time":16479,"minecraft:fall_one_cm":8766},"minecraft:picked_up":{"minecraft:stick":4,"minecraft:porkchop":2,"minecraft:oak_log":7,"minecraft:shield":1,"alexsmobs:animal_dictionary":1,"minecraft:apple":1,"k_turrets:raw_titanium":18,"minecraft:stone_pickaxe":1,"minecraft:oak_sapling":11,"minecraft:oak_planks":9,"minecraft:coal":5,"minecraft:cobblestone":123},"minecraft:crafted":{"minecraft:oak_planks":28,"minecraft:crafting_table":1,"minecraft:stick":4,"minecraft:wooden_pickaxe":1,"minecraft:stone_pickaxe":1},"minecraft:killed_by":{"minecraft:skeleton":1,"alexsmobs:grizzly_bear":1,"minecraft:enderman":1},"minecraft:used":{"minecraft:stone_pickaxe":20,"minecraft:wooden_pickaxe":59,"minecraft:shield":1,"minecraft:wooden_sword":4,"minecraft:crafting_table":1},"minecraft:broken":{"minecraft:wooden_pickaxe":1},"minecraft:mined":{"minecraft:grass":1,"k_turrets:titanium_ore":9,"minecraft:oak_log":7,"minecraft:coal_ore":5,"projectvibrantjourneys:short_grass":10,"minecraft:stone":64},"minecraft:dropped":{"minecraft:oak_sapling":11,"minecraft:oak_planks":10}},"DataVersion":3465}