{"stats":{"minecraft:killed":{"minecraft:pig":1,"minecraft:salmon":4,"minecraft:spider":1,"minecraft:sheep":1,"minecraft:zombie":1,"minecraft:chicken":2,"minecraft:cow":8},"minecraft:custom":{"minecraft:interact_with_furnace":26,"minecraft:mob_kills":19,"minecraft:interact_with_crafting_table":8,"minecraft:damage_dealt_resisted":72,"minecraft:time_since_death":9687,"minecraft:sleep_in_bed":2,"minecraft:climb_one_cm":379,"minecraft:time_since_rest":3663,"minecraft:sprint_one_cm":160258,"minecraft:damage_taken":1899,"minecraft:walk_one_cm":177786,"minecraft:damage_blocked_by_shield":30,"minecraft:drop":33,"minecraft:damage_dealt":1719,"minecraft:swim_one_cm":52942,"minecraft:fly_one_cm":243660,"minecraft:open_chest":8,"minecraft:crouch_one_cm":10597,"minecraft:play_time":64479,"minecraft:deaths":6,"minecraft:sneak_time":2496,"minecraft:walk_under_water_one_cm":9629,"minecraft:jump":1295,"minecraft:walk_on_water_one_cm":20365,"minecraft:total_world_time":64479,"minecraft:fall_one_cm":37087},"minecraft:picked_up":{"minecraft:crafting_table":3,"minecraft:feather":2,"minecraft:cooked_beef":1,"minecraft:chicken":2,"minecraft:andesite":43,"minecraft:salmon":4,"minecraft:leather":9,"minecraft:brown_mushroom":1,"minecraft:birch_planks":3,"minecraft:tuff":1,"minecraft:oak_log":17,"minecraft:gunpowder":1,"minecraft:shield":1,"projectvibrantjourneys:oak_hollow_log":2,"minecraft:dirt":21,"minecraft:wooden_sword":1,"minecraft:bone":1,"minecraft:apple":2,"minecraft:wheat_seeds":24,"minecraft:bucket":1,"minecraft:beef":16,"minecraft:stone_pickaxe":1,"minecraft:birch_sapling":1,"minecraft:oak_planks":9,"minecraft:furnace":2,"projectvibrantjourneys:light_brown_bark_mushroom":1,"minecraft:stick":4,"ecologics:walnut_log":2,"psg:raw_potassium":6,"pointblank:gunmetal_nugget":1,"minecraft:porkchop":2,"psg:sulphur":61,"minecraft:white_bed":1,"minecraft:carrot":4,"alexsmobs:animal_dictionary":1,"k_turrets:raw_titanium":18,"minecraft:oak_sapling":11,"minecraft:coal":69,"minecraft:mutton":6,"minecraft:white_wool":2,"minecraft:cobblestone":247},"minecraft:crafted":{"minecraft:cooked_beef":4,"minecraft:wooden_sword":1,"minecraft:oak_planks":72,"minecraft:crafting_table":4,"ecologics:walnut_planks":8,"minecraft:wooden_pickaxe":3,"minecraft:cooked_chicken":2,"minecraft:furnace":1,"minecraft:cooked_salmon":2,"minecraft:cooked_mutton":4,"minecraft:air":0,"minecraft:stick":28,"psg:potassium":6,"minecraft:stone_pickaxe":3,"minecraft:stone_sword":1,"minecraft:torch":32},"minecraft:killed_by":{"minecraft:skeleton":1,"minecraft:zombie":1,"alexsmobs:grizzly_bear":1,"minecraft:enderman":1,"hordes:zombie_player":1,"alexsmobs:murmur_head":1},"minecraft:used":{"minecraft:stone_sword":10,"minecraft:stone_pickaxe":222,"minecraft:shield":1,"minecraft:wooden_pickaxe":88,"minecraft:brown_mushroom":1,"minecraft:cooked_salmon":1,"minecraft:torch":1,"minecraft:salmon":2,"minecraft:dirt":8,"minecraft:crafting_table":6,"minecraft:apple":1,"minecraft:wooden_sword":78,"minecraft:cobblestone":8,"minecraft:furnace":3,"minecraft:cooked_beef":3},"minecraft:broken":{"minecraft:stone_pickaxe":1,"minecraft:wooden_pickaxe":1},"minecraft:mined":{"minecraft:tuff":1,"farmersdelight:wild_carrots":4,"psg:sulphur_ore":14,"minecraft:crafting_table":3,"minecraft:grass_block":8,"minecraft:cobblestone":1,"minecraft:tall_grass":20,"minecraft:birch_planks":2,"minecraft:furnace":1,"minecraft:andesite":42,"minecraft:mangrove_leaves":1,"k_turrets:titanium_ore":9,"minecraft:grass":12,"minecraft:coal_ore":42,"minecraft:oak_log":17,"projectvibrantjourneys:short_grass":22,"minecraft:dirt":13,"ecologics:walnut_log":2,"minecraft:stone":187,"projectvibrantjourneys:oak_hollow_log":2},"minecraft:dropped":{"minecraft:birch_planks":1,"minecraft:wheat_seeds":23,"minecraft:cooked_beef":2,"minecraft:birch_sapling":1,"minecraft:oak_planks":15,"minecraft:white_bed":1,"pointblank:gunmetal_nugget":1,"minecraft:stick":1,"minecraft:dirt":1,"minecraft:gunpowder":1,"minecraft:andesite":41,"minecraft:oak_sapling":11,"minecraft:wooden_pickaxe":1,"minecraft:bucket":1,"minecraft:white_wool":1,"minecraft:bone":1}},"DataVersion":3465}